35.709026,139.731992
37.338208,-121.886329
,
43.222015,76.851249
43.58392,1.545077
43.222015,76.851249
43.222015,76.851249
32.776664,-96.796988
52.520007,13.404954
39.952584,-75.165222
41.853177,-71.397281
46.227638,2.213749
52.229676,21.012229
57.005067,40.976645
43.222015,76.851249
43.222015,76.851249
53.551085,9.993682
42.697708,23.321868
38.914003,121.614682
59.93428,30.335099
59.93428,30.335099
43.58392,1.545077
32.776664,-96.796988
32.776664,-96.796988
28.374923,-16.699962
39.074208,21.824312
32.776664,-96.796988
32.776664,-96.796988
40.678178,-73.944158
,
52.221537,6.893662
52.221537,6.893662
49.00689,8.403653
41.740104,-71.560718
41.740104,-71.560718
32.776664,-96.796988
12.879721,121.774017
32.776664,-96.796988
32.776664,-96.796988
32.776664,-96.796988
48.856614,2.352222
35.689488,139.691706
40.203315,-8.410257
41.740104,-71.560718
41.740104,-71.560718
48.856614,2.352222
-25.274398,133.775136
41.740104,-71.560718
9.748917,-83.753428
20.593684,78.96288
47.235714,39.701505
53.551085,9.993682
44.804132,-93.166886
41.740104,-71.560718
55.755826,37.6173
,
,
,
26.520342,80.23248
,
41.740104,-71.560718
13.08268,80.270718
41.740104,-71.560718
35.689198,51.388974
35.86166,104.195397
-33.44889,-70.669265
35.709026,139.731992
48.856614,2.352222
49.588267,34.551417
35.86166,104.195397
-33.44889,-70.669265
39.768403,-86.158068
55.755826,37.6173
42.360083,-71.05888
56.490671,-4.202646
9.748917,-83.753428
41.740104,-71.560718
48.856614,2.352222
42.360083,-71.05888
41.740104,-71.560718
35.86166,104.195397
40.440625,-79.995886
4.570868,-74.297333
41.740104,-71.560718
61.92411,25.748151
41.740104,-71.560718
,
9.748917,-83.753428
35.86166,104.195397
40.440625,-79.995886
42.891983,-72.565627
25.032969,121.565418
36.204824,138.252924
48.379433,31.16558
48.379433,31.16558
39.904211,116.407395
56.490671,-4.202646
48.379433,31.16558
40.440625,-79.995886
55.755826,37.6173
52.370216,4.895168
,
39.768403,-86.158068
53.551085,9.993682
30.274085,120.15507
55.755826,37.6173
50.4501,30.5234
39.999044,116.324667
9.925201,78.119775
48.379433,31.16558
46.818188,8.227512
51.165691,10.451526
,
39.768403,-86.158068
37.09024,-95.712891
9.925201,78.119775
42.360083,-71.05888
42.360083,-71.05888
42.360083,-71.05888
39.768403,-86.158068
59.913869,10.752245
51.507351,-0.127758
31.892773,34.811272
35.86166,104.195397
31.892773,34.811272
39.999044,116.324667
9.925201,78.119775
41.87194,12.56738
30.267153,-97.743061
35.709026,139.731992
53.551085,9.993682
41.008238,28.978359
52.520007,13.404954
51.919438,19.145136
41.853177,-71.397281
34.795318,135.579516
39.768403,-86.158068
55.755826,37.6173
59.93428,30.335099
47.376887,8.541694
39.904211,116.407395
35.86166,104.195397
51.507351,-0.127758
39.768403,-86.158068
27.751828,-82.626734
34.795318,135.579516
19.075984,72.877656
39.952584,-75.165222
50.62925,3.057256
59.913869,10.752245
34.795318,135.579516
37.09024,-95.712891
48.856614,2.352222
41.87194,12.56738
-27.242339,-50.218856
39.768403,-86.158068
53.349805,-6.26031
31.892773,34.811272
53.551085,9.993682
48.464717,35.046183
39.768403,-86.158068
13.043661,77.552562
55.378051,-3.435973
39.768403,-86.158068
31.892773,34.811272
52.370216,4.895168
30.267153,-97.743061
30.267153,-97.743061
53.551085,9.993682
31.892773,34.811272
45.501689,-73.567256
50.4501,30.5234
50.4501,30.5234
55.755826,37.6173
37.354108,-121.955236
37.387474,-122.057543
39.768403,-86.158068
25.032969,121.565418
61.52401,105.318756
35.86166,104.195397
13.08268,80.270718
39.952584,-75.165222
31.892773,34.811272
37.09024,-95.712891
51.92442,4.477733
51.92442,4.477733
-6.208763,106.845599
22.543096,114.057865
12.971599,77.594563
46.227638,2.213749
13.043661,77.552562
39.399872,-8.224454
21.285407,39.237551
42.271397,42.705444
43.653226,-79.383184
32.776664,-96.796988
,
33.983069,-118.096735
51.507351,-0.127758
13.043661,77.552562
50.4501,30.5234
41.008238,28.978359
54.710426,20.452214
39.739236,-104.990251
39.952584,-75.165222
39.933364,32.859742
52.520007,13.404954
48.379433,31.16558
38.465132,-123.035522
52.520007,13.404954
41.87194,12.56738
53.551085,9.993682
37.09024,-95.712891
35.86166,104.195397
12.971599,77.594563
,
23.12911,113.264385
59.93428,30.335099
48.464717,35.046183
,
59.329323,18.068581
48.856614,2.352222
40.203315,-8.410257
48.135125,11.581981
52.520007,13.404954
,
41.008238,28.978359
31.230416,121.473701
59.913869,10.752245
13.08268,80.270718
39.904211,116.407395
23.634501,-102.552784
41.87194,12.56738
41.008238,28.978359
37.09024,-95.712891
32.776664,-96.796988
44.72508,-84.050658
41.008238,28.978359
-10.947247,-37.073082
55.755826,37.6173
43.653226,-79.383184
40.416775,-3.70379
48.856614,2.352222
35.86166,104.195397
48.379433,31.16558
33.598394,73.044135
28.228209,112.938814
44.72508,-84.050658
40.058324,-74.405661
35.011636,135.768029
23.987159,121.601571
51.054342,3.717424
23.69781,120.960515
37.09024,-95.712891
30.572816,104.066801
35.79154,-78.781117
51.455643,7.011555
30.572816,104.066801
61.52401,105.318756
46.947974,7.447447
46.947974,7.447447
48.856614,2.352222
39.904211,116.407395
37.77493,-122.419416
52.520007,13.404954
37.765207,-122.241636
52.132633,5.291266
41.87194,12.56738
37.386052,-122.083851
38.78928,-77.187204
51.507351,-0.127758
47.376887,8.541694
48.856614,2.352222
22.543096,114.057865
53.551085,9.993682
59.913869,10.752245
50.4501,30.5234
30.274085,120.15507
38.78928,-77.187204
39.904211,116.407395
48.379433,31.16558
40.712784,-74.005941
34.341575,108.93977
50.4501,30.5234
48.856614,2.352222
48.856614,2.352222
32.776664,-96.796988
12.971599,77.594563
12.971599,77.594563
48.148597,17.107748
37.09024,-95.712891
47.60621,-122.332071
36.204824,138.252924
31.230416,121.473701
50.4501,30.5234
50.4501,30.5234
24.880095,102.832892
44.475883,-73.212072
24.880095,102.832892
,
37.77493,-122.419416
40.712784,-74.005941
48.856614,2.352222
10.823099,106.629664
50.4501,30.5234
,
31.230416,121.473701
13.756331,100.501765
12.971599,77.594563
38.722252,-9.139337
48.379433,31.16558
61.92411,25.748151
60.169856,24.938379
33.513807,36.276528
43.038903,-87.906474
59.329323,18.068581
51.165691,10.451526
35.86166,104.195397
30.274085,120.15507
31.046051,34.851612
31.046051,34.851612
52.132633,5.291266
37.09024,-95.712891
55.378051,-3.435973
42.360083,-71.05888
51.761206,-1.246467
21.285407,39.237551
34.341575,108.93977
20.593684,78.96288
6.42375,-66.58973
32.0853,34.781768
30.572816,104.066801
30.572816,104.066801
9.648579,123.855566
35.86166,104.195397
55.755826,37.6173
42.360083,-71.05888
48.801408,2.130122
52.370216,4.895168
31.230416,121.473701
48.208174,16.373819
42.886447,-78.878369
48.379433,31.16558
25.032969,121.565418
48.856614,2.352222
52.370216,4.895168
31.230416,121.473701
33.66761,-84.01769
51.165691,10.451526
37.09024,-95.712891
37.354108,-121.955236
44.564566,-123.262043
41.008238,28.978359
50.85034,4.35171
52.370216,4.895168
39.933364,32.859742
55.008353,82.935733
23.634501,-102.552784
52.51557,103.91716
48.379433,31.16558
36.204824,138.252924
39.933364,32.859742
35.86166,104.195397
,
53.551085,9.993682
41.87194,12.56738
37.566535,126.977969
,
37.354108,-121.955236
37.566535,126.977969
61.497752,23.760954
21.285407,39.237551
40.712784,-74.005941
52.370216,4.895168
55.378051,-3.435973
-8.576995,116.100489
38.722252,-9.139337
20.593684,78.96288
39.904211,116.407395
38.722252,-9.139337
42.271131,-89.093995
46.227638,2.213749
22.543096,114.057865
48.856614,2.352222
37.09024,-95.712891
20.299546,-103.263441
44.591862,38.024166
42.360083,-71.05888
25.032969,121.565418
6.42375,-66.58973
4.210484,101.975766
31.046051,34.851612
50.82253,-0.137163
13.794185,-88.89653
13.794185,-88.89653
20.593684,78.96288
39.904211,116.407395
37.09024,-95.712891
54.738762,55.972055
37.09024,-95.712891
33.748995,-84.387982
50.85034,4.35171
31.230416,121.473701
37.566535,126.977969
38.465132,-123.035522
31.046051,34.851612
45.523062,-122.676482
23.69781,120.960515
-6.208763,106.845599
32.776664,-96.796988
-35.675147,-71.542969
50.85034,4.35171
45.42153,-75.697193
38.907192,-77.036871
35.689488,139.691706
48.148597,17.107748
50.85034,4.35171
36.204824,138.252924
50.85034,4.35171
53.551085,9.993682
23.424076,53.847818
59.93428,30.335099
59.913869,10.752245
23.69781,120.960515
-19.916681,-43.934493
44.804132,-93.166886
,
50.82253,-0.137163
49.9935,36.230383
23.634501,-102.552784
35.937496,14.375416
39.904211,116.407395
49.611621,6.131935
37.09024,-95.712891
51.507351,-0.127758
51.479255,5.65701
20.299546,-103.263441
48.763178,8.343713
55.755826,37.6173
13.794185,-88.89653
48.669026,19.699024
48.856614,2.352222
41.008238,28.978359
23.634501,-102.552784
44.475883,-73.212072
48.669026,19.699024
51.479255,5.65701
35.689488,139.691706
23.69781,120.960515
43.58392,1.545077
43.58392,1.545077
32.776664,-96.796988
42.360083,-71.05888
42.360083,-71.05888
39.904211,116.407395
9.748917,-83.753428
46.304302,-119.361409
13.794185,-88.89653
31.230416,121.473701
13.794185,-88.89653
-22.906847,-43.172896
55.755826,37.6173
23.424076,53.847818
43.58392,1.545077
50.4501,30.5234
31.230416,121.473701
37.77493,-122.419416
34.795318,135.579516
13.794185,-88.89653
48.856614,2.352222
39.904211,116.407395
41.008238,28.978359
51.513587,7.465298
51.507351,-0.127758
55.755826,37.6173
48.856614,2.352222
34.795318,135.579516
-18.138248,-49.040891
37.09024,-95.712891
39.904211,116.407395
42.697708,23.321868
,
36.204824,138.252924
39.904211,116.407395
31.230416,121.473701
27.751828,-82.626734
48.856614,2.352222
44.200797,24.502298
51.479255,5.65701
35.011636,135.768029
39.904211,116.407395
49.9935,36.230383
49.9935,36.230383
39.768403,-86.158068
41.008238,28.978359
35.937496,14.375416
50.4501,30.5234
55.755826,37.6173
39.074208,21.824312
25.032969,121.565418
31.230416,121.473701
30.267153,-97.743061
37.09024,-95.712891
59.329323,18.068581
20.593684,78.96288
35.689488,139.691706
44.804132,-93.166886
35.689488,139.691706
47.60621,-122.332071
,
48.379433,31.16558
52.370216,4.895168
9.748917,-83.753428
55.755826,37.6173
52.520007,13.404954
37.09024,-95.712891
32.715738,-117.161084
61.92411,25.748151
32.715738,-117.161084
52.486243,-1.890401
13.794185,-88.89653
55.755826,37.6173
48.202047,-2.932644
61.92411,25.748151
40.825763,-96.685198
61.52401,105.318756
37.77493,-122.419416
53.551085,9.993682
35.86166,104.195397
39.952584,-75.165222
39.952584,-75.165222
-8.576995,116.100489
43.653226,-79.383184
-19.916681,-43.934493
30.267153,-97.743061
48.379433,31.16558
36.204824,138.252924
39.074208,21.824312
31.046051,34.851612
35.937496,14.375416
50.4501,30.5234
60.076238,30.121383
30.267153,-97.743061
40.712784,-74.005941
42.280826,-83.743038
46.818188,8.227512
35.86166,104.195397
13.794185,-88.89653
23.634501,-102.552784
48.379433,31.16558
46.818188,8.227512
23.634501,-102.552784
12.971599,77.594563
-8.576995,116.100489
39.904211,116.407395
23.634501,-102.552784
31.230416,121.473701
32.776664,-96.796988
48.801408,2.130122
50.4501,30.5234
,
46.227638,2.213749
31.046051,34.851612
39.074208,21.824312
44.475883,-73.212072
52.132633,5.291266
51.165691,10.451526
44.475883,-73.212072
40.633125,-89.398528
40.712784,-74.005941
40.712784,-74.005941
33.513807,36.276528
56.949649,24.105186
47.497912,19.040235
54.51889,18.530541
12.971599,77.594563
23.634501,-102.552784
49.9935,36.230383
33.748995,-84.387982
48.135125,11.581981
45.748872,21.208679
23.12911,113.264385
39.074208,21.824312
23.634501,-102.552784
45.748872,21.208679
43.653226,-79.383184
48.379433,31.16558
23.634501,-102.552784
41.878114,-87.629798
47.376887,8.541694
46.818188,8.227512
35.86166,104.195397
21.027764,105.83416
39.952584,-75.165222
29.760427,-95.369803
43.222015,76.851249
20.593684,78.96288
,
31.046051,34.851612
-14.235004,-51.92528
-6.208763,106.845599
51.165691,10.451526
55.755826,37.6173
,
48.856614,2.352222
35.907757,127.766922
46.227638,2.213749
20.593684,78.96288
47.218371,-1.553621
39.904211,116.407395
61.52401,105.318756
13.794185,-88.89653
51.165691,10.451526
35.907757,127.766922
52.520007,13.404954
30.572816,104.066801
9.30769,2.315834
51.919438,19.145136
51.919438,19.145136
40.440625,-79.995886
40.440625,-79.995886
9.748917,-83.753428
37.09024,-95.712891
52.486243,-1.890401
59.913869,10.752245
24.861462,67.009939
50.62925,3.057256
51.507351,-0.127758
35.86166,104.195397
60.472024,8.468946
35.664035,139.698212
23.69781,120.960515
30.572816,104.066801
53.551085,9.993682
43.58392,1.545077
37.09024,-95.712891
29.56301,106.551556
37.45296,-122.181725
50.4501,30.5234
14.540433,49.127197
23.12911,113.264385
9.30769,2.315834
36.778261,-119.417932
43.653226,-79.383184
51.441642,5.469722
41.878114,-87.629798
59.93428,30.335099
46.227638,2.213749
23.69781,120.960515
59.93428,30.335099
59.93428,30.335099
59.93428,30.335099
28.374923,-16.699962
20.593684,78.96288
48.379433,31.16558
40.678178,-73.944158
33.748995,-84.387982
43.58392,1.545077
43.58392,1.545077
38.627003,-90.199404
38.627003,-90.199404
52.486243,-1.890401
41.878114,-87.629798
25.032969,121.565418
47.60621,-122.332071
52.520007,13.404954
61.52401,105.318756
37.983917,23.72936
53.551085,9.993682
18.52043,73.856744
10.755328,78.820833
29.854263,77.888
50.4501,30.5234
45.899247,6.129384
51.165691,10.451526
47.376887,8.541694
36.204824,138.252924
51.441642,5.469722
53.551085,9.993682
60.169856,24.938379
35.907757,127.766922
43.58392,1.545077
52.520007,13.404954
46.818188,8.227512
59.93428,30.335099
28.374923,-16.699962
46.227638,2.213749
28.374923,-16.699962
-33.924868,18.424055
52.520007,13.404954
60.169856,24.938379
28.374923,-16.699962
12.971599,77.594563
21.285407,39.237551
28.374923,-16.699962
47.162494,19.503304
30.572816,104.066801
49.282729,-123.120738
60.169856,24.938379
36.162664,-86.781602
1.352083,103.819836
55.378051,-3.435973
56.015283,92.893248
37.45296,-122.181725
37.77493,-122.419416
44.804132,-93.166886
40.712784,-74.005941
31.200092,29.918739
37.566535,126.977969
39.414269,-77.410541
40.712784,-74.005941
30.572816,104.066801
38.907192,-77.036871
38.907192,-77.036871
41.853177,-71.397281
41.853177,-71.397281
13.794185,-88.89653
48.380895,-89.247682
48.208174,16.373819
49.282729,-123.120738
48.856614,2.352222
37.09024,-95.712891
39.414269,-77.410541
55.755826,37.6173
45.748872,21.208679
40.416775,-3.70379
43.893401,-75.673526
50.62925,3.057256
44.952117,34.102417
49.282729,-123.120738
12.971599,77.594563
-0.789275,113.921327
42.99564,-71.454789
46.227638,2.213749
58.52557,31.274193
45.764043,4.835659
38.907192,-77.036871
45.764043,4.835659
9.30769,2.315834
9.30769,2.315834
50.4501,30.5234
53.357018,-2.085357
39.766706,30.525631
49.282729,-123.120738
25.032969,121.565418
12.971599,77.594563
52.520007,13.404954
43.222015,76.851249
34.139729,-118.035345
48.856614,2.352222
55.755826,37.6173
49.282729,-123.120738
48.863812,2.448451
58.52557,31.274193
44.325351,-72.987346
51.507351,-0.127758
38.78928,-77.187204
48.379433,31.16558
37.77493,-122.419416
,
53.349805,-6.26031
37.562992,-122.325525
-14.235004,-51.92528
49.282729,-123.120738
48.208174,16.373819
43.222015,76.851249
36.778261,-119.417932
,
43.893401,-75.673526
47.376887,8.541694
48.856614,2.352222
41.878114,-87.629798
41.878114,-87.629798
30.593099,114.305393
51.165691,10.451526
51.441642,5.469722
35.689488,139.691706
31.230416,121.473701
50.62925,3.057256
61.52401,105.318756
53.428544,14.552812
39.766706,30.525631
42.874621,74.569762
41.878114,-87.629798
30.04442,31.235712
51.441642,5.469722
,
59.913869,10.752245
31.046051,34.851612
41.878114,-87.629798
30.267153,-97.743061
-23.543179,-46.629185
39.904211,116.407395
45.764043,4.835659
49.591971,8.64605
40.712784,-74.005941
33.748995,-84.387982
51.441642,5.469722
56.162939,10.203921
44.325351,-72.987346
,
50.4501,30.5234
61.52401,105.318756
25.032969,121.565418
30.267153,-97.743061
-33.924868,18.424055
,
31.791702,-7.09262
,
31.230416,121.473701
23.810332,90.412518
23.810332,90.412518
40.416775,-3.70379
-25.428954,-49.267137
40.416775,-3.70379
,
40.416775,-3.70379
-25.428954,-49.267137
,
51.507351,-0.127758
61.52401,105.318756
36.169941,-115.13983
31.791702,-7.09262
51.92442,4.477733
46.818188,8.227512
39.999044,116.324667
55.378051,-3.435973
47.218371,-1.553621
60.128161,18.643501
37.77493,-122.419416
51.92442,4.477733
51.92442,4.477733
20.593684,78.96288
20.593684,78.96288
20.593684,78.96288
11.263464,75.952153
42.387597,-71.099497
23.810332,90.412518
1.977247,73.536103
37.09024,-95.712891
48.379433,31.16558
8.980603,38.757761
30.267153,-97.743061
51.92442,4.477733
30.267153,-97.743061
46.227638,2.213749
31.046051,34.851612
46.204391,6.143158
20.593684,78.96288
20.593684,78.96288
60.128161,18.643501
46.227638,2.213749
56.130366,-106.346771
39.074208,21.824312
55.755826,37.6173
-33.867487,151.20699
43.145346,-75.871858
40.678178,-73.944158
41.853177,-71.397281
42.360083,-71.05888
31.046051,34.851612
28.374923,-16.699962
56.015283,92.893248
42.697708,23.321868
31.046051,34.851612
55.755826,37.6173
35.86166,104.195397
27.717245,85.323961
33.748995,-84.387982
45.438384,10.991622
63.430515,10.395053
63.430515,10.395053
63.430515,10.395053
-25.428954,-49.267137
51.165691,10.451526
-25.428954,-49.267137
37.77493,-122.419416
34.233137,-102.410749
55.755826,37.6173
51.165691,10.451526
43.653226,-79.383184
23.12911,113.264385
52.22917,5.166897
41.008238,28.978359
59.93428,30.335099
52.370216,4.895168
52.520007,13.404954
1.352083,103.819836
-14.235004,-51.92528
-33.924868,18.424055
49.839683,24.029717
37.09024,-95.712891
28.374923,-16.699962
41.008238,28.978359
52.520007,13.404954
40.416775,-3.70379
39.962598,-76.727745
37.09024,-95.712891
56.130366,-106.346771
49.9935,36.230383
61.92411,25.748151
51.919438,19.145136
35.86166,104.195397
63.430515,10.395053
51.165691,10.451526
45.438384,10.991622
63.430515,10.395053
40.416775,-3.70379
61.52401,105.318756
39.904211,116.407395
51.507351,-0.127758
30.274085,120.15507
30.04442,31.235712
61.52401,105.318756
52.370216,4.895168
56.162939,10.203921
33.748995,-84.387982
28.374923,-16.699962
44.325351,-72.987346
52.370216,4.895168
25.204849,55.270783
45.438384,10.991622
17.385044,78.486671
48.379433,31.16558
33.748995,-84.387982
37.09024,-95.712891
43.653226,-79.383184
55.755826,37.6173
47.60621,-122.332071
52.520007,13.404954
47.60621,-122.332071
41.853177,-71.397281
36.169941,-115.13983
-22.906847,-43.172896
19.033049,73.029662
-33.867487,151.20699
39.904211,116.407395
38.249358,-122.039966
-37.814107,144.96328
39.739236,-104.990251
38.029306,-78.476678
34.341575,108.93977
-40.900557,174.885971
,
31.230416,121.473701
27.717245,85.323961
38.029306,-78.476678
-37.814107,144.96328
,
-37.814107,144.96328
36.204824,138.252924
37.871593,-122.272747
37.36883,-122.03635
35.86166,104.195397
51.165691,10.451526
31.230416,121.473701
37.77493,-122.419416
31.230416,121.473701
37.09024,-95.712891
24.044295,120.734995
40.440625,-79.995886
39.728494,-121.837478
41.878114,-87.629798
,
37.77493,-122.419416
63.430515,10.395053
22.9999,120.226876
31.230416,121.473701
40.440625,-79.995886
40.440625,-79.995886
31.230416,121.473701
,
,
1.352083,103.819836
37.338208,-121.886329
-7.257472,112.752088
37.77493,-122.419416
47.516231,14.550072
36.204824,138.252924
42.479262,-71.152276
42.479262,-71.152276
30.274085,120.15507
45.638728,-122.661486
,
50.06465,19.94498
37.09024,-95.712891
20.96737,-89.592586
22.543096,114.057865
55.755826,37.6173
33.590355,130.401716
34.052234,-118.243685
33.48348,-94.164174
6.927079,79.861243
51.165691,10.451526
37.77493,-122.419416
37.871593,-122.272747
40.678178,-73.944158
55.676097,12.568337
38.249358,-122.039966
37.77493,-122.419416
60.169856,24.938379
,
,
47.60621,-122.332071
-35.282,149.128684
50.76628,15.054339
39.084158,117.200983
,
35.86166,104.195397
,
56.838926,60.605703
51.507351,-0.127758
37.593392,-122.04383
36.204824,138.252924
55.755826,37.6173
38.963745,35.243322
58.029681,56.266792
,
-4.038333,21.758664
37.77493,-122.419416
-33.867487,151.20699
-33.867487,151.20699
35.689488,139.691706
-33.047238,-71.612688
37.441883,-122.143019
31.230416,121.473701
44.977753,-93.265011
36.039525,-114.981721
31.230416,121.473701
37.593392,-122.04383
37.77493,-122.419416
1.352083,103.819836
43.612189,1.336579
37.77493,-122.419416
37.77493,-122.419416
34.230511,135.170808
55.008353,82.935733
59.93428,30.335099
35.689488,139.691706
37.77493,-122.419416
51.165691,10.451526
18.52043,73.856744
,
41.878114,-87.629798
46.227638,2.213749
46.227638,2.213749
36.204824,138.252924
,
30.267153,-97.743061
56.949649,24.105186
,
48.379433,31.16558
-14.235004,-51.92528
48.379433,31.16558
48.379433,31.16558
48.379433,31.16558
-33.867487,151.20699
38.029306,-78.476678
37.338208,-121.886329
26.218287,78.182831
54.687156,25.279651
35.689198,51.388974
43.191937,-89.455675
-33.867487,151.20699
,
-27.471011,153.023449
41.878114,-87.629798
44.591862,38.024166
39.904211,116.407395
42.966631,47.512629
54.978252,-1.61778
23.69781,120.960515
,
34.052234,-118.243685
27.751828,-82.626734
22.396428,114.109497
53.709807,27.953389
35.664035,139.698212
59.913869,10.752245
,
19.432608,-99.133208
-33.867487,151.20699
27.751828,-82.626734
39.739236,-104.990251
37.338208,-121.886329
35.689488,139.691706
-27.471011,153.023449
18.52043,73.856744
39.904211,116.407395
44.564566,-123.262043
35.86166,104.195397
54.978252,-1.61778
30.572816,104.066801
18.52043,73.856744
58.029681,56.266792
43.804133,-120.554201
-25.274398,133.775136
25.032969,121.565418
29.760427,-95.369803
49.212148,16.678762
13.756331,100.501765
43.804133,-120.554201
37.77493,-122.419416
43.804133,-120.554201
43.804133,-120.554201
47.60621,-122.332071
59.329323,18.068581
37.77493,-122.419416
38.846224,-77.306373
47.60621,-122.332071
37.77493,-122.419416
-26.204103,28.047305
58.029681,56.266792
31.230416,121.473701
1.352083,103.819836
-37.814107,144.96328
37.77493,-122.419416
37.77493,-122.419416
35.709026,139.731992
-26.056399,28.024464
30.274085,120.15507
30.274085,120.15507
51.507351,-0.127758
37.77493,-122.419416
37.77493,-122.419416
48.208174,16.373819
50.4501,30.5234
48.856614,2.352222
50.4501,30.5234
-27.471011,153.023449
60.128161,18.643501
37.783016,29.096333
37.77493,-122.419416
37.77493,-122.419416
38.029306,-78.476678
37.77493,-122.419416
47.60621,-122.332071
30.267153,-97.743061
35.709026,139.731992
37.77493,-122.419416
51.507351,-0.127758
60.169856,24.938379
30.274085,120.15507
34.341575,108.93977
31.046051,34.851612
30.274085,120.15507
49.282729,-123.120738
48.379433,31.16558
46.227638,2.213749
32.715738,-117.161084
37.983917,23.72936
25.032969,121.565418
35.709026,139.731992
40.296898,-111.694647
40.296898,-111.694647
18.52043,73.856744
30.274085,120.15507
35.709026,139.731992
34.70713,33.022617
41.878114,-87.629798
37.09024,-95.712891
,
30.267153,-97.743061
23.215635,72.636941
37.529659,-122.04024
55.676097,12.568337
34.230511,135.170808
,
36.204824,138.252924
37.77493,-122.419416
36.204824,138.252924
51.165691,10.451526
48.191989,-114.316813
18.52043,73.856744
30.572816,104.066801
37.804364,-122.271114
39.904211,116.407395
24.877545,67.052326
39.952584,-75.165222
-33.924868,18.424055
31.230416,121.473701
17.75,142.5
36.204824,138.252924
30.267153,-97.743061
46.227638,2.213749
37.77493,-122.419416
1.352083,103.819836
-38.023592,144.407866
34.852618,-82.39401
37.77493,-122.419416
25.032969,121.565418
29.760427,-95.369803
60.128161,18.643501
49.385219,8.572245
,
45.1,15.2
45.1,15.2
34.852618,-82.39401
31.230416,121.473701
37.36883,-122.03635
37.09024,-95.712891
37.09024,-95.712891
46.227638,2.213749
30.274085,120.15507
19.432608,-99.133208
51.146466,0.875019
,
34.341575,108.93977
45.1,15.2
44.977753,-93.265011
-40.900557,174.885971
54.978252,-1.61778
,
38.040584,-84.503716
46.227638,2.213749
51.165691,10.451526
25.032969,121.565418
53.480759,-2.242631
29.760427,-95.369803
35.689488,139.691706
37.77493,-122.419416
33.683947,-117.794694
32.427908,53.688046
28.46763,119.922796
51.507351,-0.127758
-37.814107,144.96328
22.9999,120.226876
32.427908,53.688046
34.052234,-118.243685
50.110922,8.682127
12.971599,77.594563
38.907192,-77.036871
38.907192,-77.036871
23.12911,113.264385
39.550051,-105.782067
-30.559482,22.937506
46.227638,2.213749
37.338208,-121.886329
,
19.079202,72.891423
12.971599,77.594563
35.689488,139.691706
23.12911,113.264385
59.329323,18.068581
59.329323,18.068581
46.227638,2.213749
47.80949,13.05501
12.971599,77.594563
39.904211,116.407395
-33.867487,151.20699
33.019843,-96.698886
,
24.861462,67.009939
30.267153,-97.743061
30.572816,104.066801
56.838926,60.605703
37.09024,-95.712891
25.032969,121.565418
52.132633,5.291266
61.92411,25.748151
23.12911,113.264385
55.676097,12.568337
42.96336,-85.668086
30.267153,-97.743061
37.77493,-122.419416
30.267153,-97.743061
23.12911,113.264385
30.274085,120.15507
48.697161,2.189617
48.697161,2.189617
18.52043,73.856744
43.21405,27.914733
54.978252,-1.61778
55.378051,-3.435973
34.70713,33.022617
35.907757,127.766922
48.697161,2.189617
48.697161,2.189617
25.032969,121.565418
-35.282,149.128684
37.77493,-122.419416
,
37.235808,-121.962375
51.507351,-0.127758
36.204824,138.252924
-6.208763,106.845599
-37.814107,144.96328
-25.274398,133.775136
37.338208,-121.886329
45.492041,-73.560949
50.06465,19.94498
41.902784,12.496366
,
24.479834,118.089425
59.93428,30.335099
37.562992,-122.325525
46.227638,2.213749
56.838926,60.605703
38.249358,-122.039966
41.385064,2.173403
,
-27.471011,153.023449
39.959912,116.298055
39.904211,116.407395
40.290206,-3.803548
37.77493,-122.419416
39.904211,116.407395
41.902784,12.496366
35.709026,139.731992
18.52043,73.856744
22.396428,114.109497
22.396428,114.109497
52.132633,5.291266
50.110922,8.682127
1.352083,103.819836
52.090737,5.12142
25.032969,121.565418
47.60621,-122.332071
-27.471011,153.023449
39.904211,116.407395
19.075984,72.877656
58.029681,56.266792
33.590355,130.401716
3.139003,101.686855
35.86166,104.195397
31.230416,121.473701
32.015833,34.787384
45.523062,-122.676482
39.904211,116.407395
60.169856,24.938379
37.77493,-122.419416
37.566535,126.977969
45.523062,-122.676482
37.77493,-122.419416
57.70887,11.97456
54.200048,45.174511
22.396428,114.109497
53.480759,-2.242631
33.019843,-96.698886
47.60621,-122.332071
30.311877,-95.456051
37.09024,-95.712891
23.12911,113.264385
39.904211,116.407395
39.904211,116.407395
55.755826,37.6173
51.048615,-114.070846
61.92411,25.748151
31.230416,121.473701
50.06465,19.94498
,
60.451813,22.26663
22.543096,114.057865
12.971599,77.594563
39.904211,116.407395
,
45.523062,-122.676482
55.755826,37.6173
24.479834,118.089425
50.110922,8.682127
39.904211,116.407395
37.36883,-122.03635
30.274085,120.15507
39.904211,116.407395
30.311877,-95.456051
35.86166,104.195397
-19.916681,-43.934493
39.904211,116.407395
30.572816,104.066801
34.70713,33.022617
36.204824,138.252924
45.523062,-122.676482
40.296898,-111.694647
46.099353,5.12896
45.523062,-122.676482
18.52043,73.856744
37.871593,-122.272747
45.523062,-122.676482
46.818188,8.227512
40.296898,-111.694647
18.52043,73.856744
60.205491,24.6559
51.571915,4.768323
23.12911,113.264385
,
3.139003,101.686855
51.165691,10.451526
30.04442,31.235712
37.77493,-122.419416
47.60621,-122.332071
56.015283,92.893248
37.562992,-122.325525
,
-33.867487,151.20699
59.913869,10.752245
54.978252,-1.61778
-37.814107,144.96328
36.204824,138.252924
36.204824,138.252924
53.480759,-2.242631
37.77493,-122.419416
-33.867487,151.20699
59.913869,10.752245
59.913869,10.752245
55.676097,12.568337
-25.274398,133.775136
13.756331,100.501765
40.296898,-111.694647
42.697708,23.321868
37.77493,-122.419416
30.311877,-95.456051
55.755826,37.6173
35.86166,104.195397
35.86166,104.195397
51.517209,-0.628112
47.681488,-122.208735
36.778261,-119.417932
51.752725,-0.339436
51.752725,-0.339436
-33.867487,151.20699
59.913869,10.752245
59.913869,10.752245
50.075538,14.4378
35.689488,139.691706
39.904211,116.407395
59.329323,18.068581
59.329323,18.068581
59.329323,18.068581
35.86166,104.195397
44.494887,11.342616
40.712784,-74.005941
44.494887,11.342616
44.494887,11.342616
-25.274398,133.775136
37.804364,-122.271114
3.139003,101.686855
41.87194,12.56738
18.52043,73.856744
-34.928621,138.599959
60.169856,24.938379
41.008238,28.978359
-34.928621,138.599959
32.0853,34.781768
58.969976,5.733107
58.969976,5.733107
59.329323,18.068581
45.523062,-122.676482
25.032969,121.565418
30.274085,120.15507
50.4501,30.5234
45.523062,-122.676482
37.77493,-122.419416
37.09024,-95.712891
12.971599,77.594563
48.379433,31.16558
35.689488,139.691706
59.329323,18.068581
59.329323,18.068581
12.971599,77.594563
61.92411,25.748151
51.048615,-114.070846
12.971599,77.594563
60.472024,8.468946
52.520007,13.404954
37.566535,126.977969
25.032969,121.565418
35.709026,139.731992
6.927079,79.861243
54.898521,23.903597
51.165691,10.451526
42.969244,1.519132
42.373616,-71.109733
37.77493,-122.419416
31.230416,121.473701
34.048928,-111.093731
37.566535,126.977969
37.983917,23.72936
56.130366,-106.346771
35.709026,139.731992
36.778261,-119.417932
45.523062,-122.676482
45.523062,-122.676482
-25.274398,133.775136
42.331427,-83.045754
39.904211,116.407395
42.331427,-83.045754
45.523062,-122.676482
-35.282,149.128684
52.132633,5.291266
52.132633,5.291266
35.689488,139.691706
35.689488,139.691706
47.376887,8.541694
48.379433,31.16558
59.93428,30.335099
47.60621,-122.332071
36.204824,138.252924
32.776475,-79.931051
47.60621,-122.332071
48.477923,-120.186196
39.904211,116.407395
28.535516,77.391026
48.477923,-120.186196
48.477923,-120.186196
48.477923,-120.186196
37.77493,-122.419416
31.230416,121.473701
34.048928,-111.093731
12.971599,77.594563
51.813298,4.690093
35.607267,140.106291
59.913869,10.752245
-33.867487,151.20699
32.776664,-96.796988
45.523062,-122.676482
31.230416,121.473701
35.709026,139.731992
52.370216,4.895168
1.352083,103.819836
45.523062,-122.676482
47.60621,-122.332071
52.370216,4.895168
48.629828,2.441782
39.550051,-105.782067
-37.814107,144.96328
59.913869,10.752245
5.414921,100.329761
48.379433,31.16558
37.804364,-122.271114
50.82253,-0.137163
48.697161,2.189617
48.697161,2.189617
-40.900557,174.885971
59.913869,10.752245
59.913869,10.752245
37.804364,-122.271114
37.804364,-122.271114
48.135125,11.581981
41.267244,123.236944
60.169856,24.938379
56.879635,24.603189
40.290206,-3.803548
61.52401,105.318756
61.511816,-149.966327
3.139003,101.686855
34.70713,33.022617
35.607267,140.106291
60.169856,24.938379
35.607267,140.106291
35.607267,140.106291
20.593684,78.96288
51.165691,10.451526
39.959912,116.298055
41.902784,12.496366
39.904211,116.407395
38.040584,-84.503716
37.77493,-122.419416
61.52401,105.318756
48.208174,16.373819
43.76956,11.255814
39.550051,-105.782067
37.77493,-122.419416
47.60621,-122.332071
35.689488,139.691706
-25.274398,133.775136
3.139003,101.686855
47.60621,-122.332071
-30.559482,22.937506
31.230416,121.473701
37.77493,-122.419416
35.709026,139.731992
31.230416,121.473701
39.904211,116.407395
48.379433,31.16558
61.511816,-149.966327
56.26392,9.501785
-33.867487,151.20699
42.969244,1.519132
31.230416,121.473701
30.274085,120.15507
45.523062,-122.676482
48.55024,-3.412396
32.0853,34.781768
45.523062,-122.676482
35.607267,140.106291
48.477923,-120.186196
30.274085,120.15507
,
34.048928,-111.093731
31.230416,121.473701
48.379433,31.16558
40.712784,-74.005941
40.712784,-74.005941
31.230416,121.473701
1.352083,103.819836
37.77493,-122.419416
39.904211,116.407395
37.77493,-122.419416
40.416775,-3.70379
37.77493,-122.419416
45.764043,4.835659
37.77493,-122.419416
47.60621,-122.332071
59.329323,18.068581
59.329323,18.068581
32.776664,-96.796988
31.230416,121.473701
44.647128,10.925227
32.060255,118.796877
31.230416,121.473701
35.689488,139.691706
41.87194,12.56738
,
36.778261,-119.417932
37.09024,-95.712891
48.379433,31.16558
37.36883,-122.03635
40.110588,-88.20727
43.653226,-79.383184
50.98566,4.7817
51.466994,-1.185368
48.135125,11.581981
-37.814107,144.96328
51.507351,-0.127758
52.221537,6.893662
,
37.77493,-122.419416
39.550051,-105.782067
60.169856,24.938379
60.169856,24.938379
-27.471011,153.023449
37.77493,-122.419416
28.613939,77.209021
56.130366,-106.346771
39.904211,116.407395
40.666379,16.60432
39.904211,116.407395
48.208174,16.373819
51.165691,10.451526
60.472024,8.468946
34.048928,-111.093731
36.321909,139.003294
31.230416,121.473701
45.523062,-122.676482
61.52401,105.318756
41.267244,123.236944
56.130366,-106.346771
46.059279,13.236478
37.287165,-121.949957
37.36883,-122.03635
37.566535,126.977969
46.059279,13.236478
37.77493,-122.419416
54.51889,18.530541
42.331427,-83.045754
31.230416,121.473701
,
40.799071,16.922159
55.378051,-3.435973
55.378051,-3.435973
,
46.099353,5.12896
60.472024,8.468946
,
55.676097,12.568337
39.550051,-105.782067
37.386052,-122.083851
55.378051,-3.435973
55.378051,-3.435973
45.523062,-122.676482
45.523062,-122.676482
25.032969,121.565418
25.032969,121.565418
44.40565,8.946256
39.904211,116.407395
22.543096,114.057865
35.86166,104.195397
-25.274398,133.775136
-33.867487,151.20699
35.86166,104.195397
30.274085,120.15507
37.09024,-95.712891
52.229676,21.012229
35.86166,104.195397
59.93428,30.335099
39.904211,116.407395
34.70713,33.022617
49.282729,-123.120738
31.230416,121.473701
35.689488,139.691706
23.69781,120.960515
23.69781,120.960515
31.230416,121.473701
47.60621,-122.332071
40.799071,16.922159
37.827178,-122.291308
30.274085,120.15507
33.590355,130.401716
13.756331,100.501765
32.015833,34.787384
55.755826,37.6173
49.282729,-123.120738
39.904211,116.407395
49.282729,-123.120738
39.904211,116.407395
,
49.282729,-123.120738
49.282729,-123.120738
,
44.647128,10.925227
23.634501,-102.552784
60.472024,8.468946
35.607267,140.106291
33.48348,-94.164174
35.607267,140.106291
35.607267,140.106291
27.751828,-82.626734
31.230416,121.473701
59.913869,10.752245
32.015833,34.787384
41.87194,12.56738
37.77493,-122.419416
35.709026,139.731992
25.032969,121.565418
44.647128,10.925227
59.913869,10.752245
36.778261,-119.417932
-27.471011,153.023449
48.015883,37.80285
36.778261,-119.417932
52.132633,5.291266
27.751828,-82.626734
25.032969,121.565418
32.060255,118.796877
61.52401,105.318756
35.607267,140.106291
44.564566,-123.262043
49.212148,16.678762
35.803004,-78.280304
37.77493,-122.419416
25.032969,121.565418
41.87194,12.56738
41.87194,12.56738
59.913869,10.752245
50.075538,14.4378
50.075538,14.4378
26.10078,119.295144
10.315699,123.885437
28.613939,77.209021
30.267153,-97.743061
34.048928,-111.093731
-42.881903,147.323814
37.77493,-122.419416
61.511816,-149.966327
37.77493,-122.419416
30.340229,120.108133
43.296482,5.36978
46.729553,-94.6859
43.604652,1.444209
12.971599,77.594563
32.0853,34.781768
39.952584,-75.165222
30.274085,120.15507
38.989697,-76.93776
38.989697,-76.93776
39.904211,116.407395
35.689488,139.691706
23.69781,120.960515
-27.471011,153.023449
41.008238,28.978359
61.52401,105.318756
37.36883,-122.03635
48.117266,-1.677793
45.815011,15.981919
59.913869,10.752245
35.86166,104.195397
-40.900557,174.885971
23.69781,120.960515
46.729553,-94.6859
1.352083,103.819836
33.49417,-111.926052
34.142508,-118.255075
41.008238,28.978359
45.764043,4.835659
50.075538,14.4378
33.590355,130.401716
-25.274398,133.775136
32.060255,118.796877
35.689488,139.691706
-25.274398,133.775136
-35.282,149.128684
,
48.117266,-1.677793
-33.867487,151.20699
-33.867487,151.20699
46.227638,2.213749
41.008238,28.978359
,
36.778261,-119.417932
35.689488,139.691706
,
52.520007,13.404954
47.826741,10.021385
20.593684,78.96288
23.69781,120.960515
33.48348,-94.164174
6.927079,79.861243
36.778261,-119.417932
30.267153,-97.743061
59.93428,30.335099
31.230416,121.473701
48.856614,2.352222
48.117266,-1.677793
48.135125,11.581981
48.135125,11.581981
27.717245,85.323961
36.778261,-119.417932
55.676097,12.568337
33.590355,130.401716
,
28.613939,77.209021
6.876992,31.306979
56.162939,10.203921
-37.814107,144.96328
61.52401,105.318756
6.876992,31.306979
,
48.117266,-1.677793
39.904211,116.407395
59.329323,18.068581
41.385064,2.173403
47.8388,35.139567
-25.274398,133.775136
39.904211,116.407395
30.267153,-97.743061
45.764043,4.835659
39.550051,-105.782067
41.878114,-87.629798
61.92411,25.748151
39.904211,116.407395
12.971599,77.594563
41.376691,2.085811
37.77493,-122.419416
37.77493,-122.419416
46.77121,23.623635
,
14.058324,108.277199
35.86166,104.195397
40.60967,-111.939103
34.052234,-118.243685
32.060255,118.796877
43.653226,-79.383184
35.86166,104.195397
48.379433,31.16558
31.230416,121.473701
48.573405,7.752111
-27.471011,153.023449
33.590355,130.401716
31.230416,121.473701
55.755826,37.6173
31.230416,121.473701
31.230416,121.473701
55.755826,37.6173
61.52401,105.318756
31.230416,121.473701
37.77493,-122.419416
35.803004,-78.280304
61.511816,-149.966327
44.426767,26.102538
37.871593,-122.272747
49.282729,-123.120738
49.282729,-123.120738
33.621679,-117.932819
40.60967,-111.939103
37.77493,-122.419416
25.032969,121.565418
33.621679,-117.932819
39.904211,116.407395
35.709026,139.731992
32.776664,-96.796988
-29.609988,28.233608
31.230416,121.473701
51.165691,10.451526
50.979493,11.323544
35.86166,104.195397
55.755826,37.6173
60.128161,18.643501
30.593099,114.305393
33.48348,-94.164174
46.818188,8.227512
49.357571,6.168426
60.128161,18.643501
39.959912,116.298055
55.755826,37.6173
31.046051,34.851612
39.904211,116.407395
48.31818,7.441624
31.49117,120.31191
61.511816,-149.966327
35.803004,-78.280304
23.12911,113.264385
33.621679,-117.932819
-33.867487,151.20699
39.959912,116.298055
36.778261,-119.417932
48.117266,-1.677793
37.77493,-122.419416
37.804364,-122.271114
39.904211,116.407395
32.060255,118.796877
-25.274398,133.775136
34.019454,-118.491191
48.117266,-1.677793
48.117266,-1.677793
37.827178,-122.291308
-25.274398,133.775136
39.904211,116.407395
23.69781,120.960515
-27.471011,153.023449
55.755826,37.6173
30.572816,104.066801
61.52401,105.318756
13.08268,80.270718
-27.471011,153.023449
35.86166,104.195397
49.839683,24.029717
46.227638,2.213749
39.904211,116.407395
-37.814107,144.96328
,
31.230416,121.473701
28.613939,77.209021
47.60621,-122.332071
48.856614,2.352222
31.230416,121.473701
-25.274398,133.775136
30.274085,120.15507
6.927079,79.861243
37.77493,-122.419416
39.550051,-105.782067
31.230416,121.473701
-33.924868,18.424055
30.572816,104.066801
,
37.09024,-95.712891
52.229676,21.012229
55.676097,12.568337
-25.274398,133.775136
54.525961,15.255119
37.36883,-122.03635
4.210484,101.975766
37.77493,-122.419416
43.062096,141.354376
37.77493,-122.419416
37.77493,-122.419416
22.543096,114.057865
6.927079,79.861243
,
52.066529,5.200776
60.169856,24.938379
29.868336,121.54399
51.628611,-0.748229
12.879721,121.774017
48.856614,2.352222
42.443961,-76.501881
30.274085,120.15507
55.676097,12.568337
37.77493,-122.419416
39.904211,116.407395
31.230416,121.473701
31.230416,121.473701
40.463667,-3.74922
48.135125,11.581981
,
58.969976,5.733107
58.969976,5.733107
39.904211,116.407395
37.09024,-95.712891
34.142508,-118.255075
-33.867487,151.20699
39.904211,116.407395
-33.867487,151.20699
-33.867487,151.20699
59.913869,10.752245
40.463667,-3.74922
60.472024,8.468946
53.079296,8.801694
39.550051,-105.782067
31.230416,121.473701
11.341036,77.717164
48.135125,11.581981
50.075538,14.4378
40.712784,-74.005941
,
46.227638,2.213749
-37.814107,144.96328
48.135125,11.581981
41.385064,2.173403
6.927079,79.861243
50.692705,3.177847
31.046051,34.851612
55.755826,37.6173
37.09024,-95.712891
-25.274398,133.775136
25.032969,121.565418
55.676097,12.568337
37.827178,-122.291308
62.737235,7.160731
43.710173,7.261953
37.566535,126.977969
47.60621,-122.332071
47.60621,-122.332071
47.60621,-122.332071
34.230511,135.170808
-37.814107,144.96328
,
46.227638,2.213749
-33.867487,151.20699
49.10443,-122.801094
20.593684,78.96288
47.60621,-122.332071
37.57787,-122.34809
49.10443,-122.801094
47.886399,106.905744
55.378051,-3.435973
6.876992,31.306979
28.459497,77.026638
38.87997,-77.10677
40.463667,-3.74922
62.737235,7.160731
40.463667,-3.74922
60.169856,24.938379
37.77493,-122.419416
6.927079,79.861243
,
39.959912,116.298055
62.737235,7.160731
39.904211,116.407395
27.751828,-82.626734
-25.274398,133.775136
30.274085,120.15507
37.909072,-121.314129
35.709026,139.731992
55.830431,49.066081
29.56301,106.551556
45.523062,-122.676482
-26.204103,28.047305
40.463667,-3.74922
37.57787,-122.34809
-34.901113,-56.164531
34.341575,108.93977
39.904211,116.407395
40.712784,-74.005941
37.77493,-122.419416
37.77493,-122.419416
38.989697,-76.93776
53.544389,-113.490927
52.132633,5.291266
,
,
38.752124,-121.288006
-6.917464,107.619123
43.653226,-79.383184
39.904211,116.407395
-40.900557,174.885971
-28.01726,153.425699
45.523062,-122.676482
36.204824,138.252924
40.678178,-73.944158
40.678178,-73.944158
41.878114,-87.629798
52.132633,5.291266
42.728412,-73.691785
15.299327,74.123996
36.162664,-86.781602
35.689488,139.691706
45.764043,4.835659
45.764043,4.835659
,
47.60621,-122.332071
31.230416,121.473701
52.132633,5.291266
37.354108,-121.955236
-28.01726,153.425699
20.593684,78.96288
41.715138,44.827096
37.827178,-122.291308
-28.01726,153.425699
45.523062,-122.676482
45.523062,-122.676482
52.132633,5.291266
33.019843,-96.698886
39.32098,-111.093731
56.130366,-106.346771
-40.900557,174.885971
33.019843,-96.698886
52.132633,5.291266
-37.814107,144.96328
35.925064,-86.86889
37.322998,-122.032182
52.132633,5.291266
45.523062,-122.676482
37.09024,-95.712891
44.116989,12.342916
42.728412,-73.691785
35.227087,-80.843127
24.479834,118.089425
49.282729,-123.120738
39.290385,-76.612189
45.523062,-122.676482
35.925064,-86.86889
52.132633,5.291266
35.925064,-86.86889
43.653226,-79.383184
17.385044,78.486671
44.231172,-76.485954
44.231172,-76.485954
13.756331,100.501765
28.112449,112.98381
33.42551,-111.940005
33.97159,-6.849813
37.77493,-122.419416
23.12911,113.264385
-40.900557,174.885971
30.267153,-97.743061
-35.675147,-71.542969
37.77493,-122.419416
37.77493,-122.419416
52.132633,5.291266
13.756331,100.501765
-37.814107,144.96328
39.904211,116.407395
33.019843,-96.698886
37.779927,-121.978015
6.67773,-1.573659
23.12911,113.264385
31.230416,121.473701
52.132633,5.291266
33.019843,-96.698886
-36.84846,174.763332
33.019843,-96.698886
40.678178,-73.944158
45.523062,-122.676482
36.162664,-86.781602
40.712784,-74.005941
-35.675147,-71.542969
35.86166,104.195397
43.653226,-79.383184
30.158813,-85.660206
37.09024,-95.712891
52.132633,5.291266
40.712784,-74.005941
37.827178,-122.291308
35.111046,118.333222
39.103118,-84.51202
35.111046,118.333222
-40.900557,174.885971
40.678178,-73.944158
29.218264,79.512977
40.678178,-73.944158
52.132633,5.291266
12.971599,77.594563
37.09024,-95.712891
31.230416,121.473701
37.09024,-95.712891
-33.867487,151.20699
37.804364,-122.271114
49.28368,16.359754
42.728412,-73.691785
45.523062,-122.676482
39.103118,-84.51202
29.218264,79.512977
18.52043,73.856744
40.712784,-74.005941
29.218264,79.512977
37.09024,-95.712891
52.132633,5.291266
43.653226,-79.383184
35.709026,139.731992
18.52043,73.856744
31.230416,121.473701
-41.28646,174.776236
35.759573,-79.0193
52.132633,5.291266
39.904211,116.407395
37.77493,-122.419416
39.103118,-84.51202
20.593684,78.96288
20.593684,78.96288
20.593684,78.96288
30.267153,-97.743061
18.52043,73.856744
42.262593,-71.802293
29.760427,-95.369803
-37.814107,144.96328
-37.814107,144.96328
31.230416,121.473701
39.904211,116.407395
52.132633,5.291266
12.971599,77.594563
33.019843,-96.698886
,
45.501689,-73.567256
34.693738,135.502165
31.230416,121.473701
18.52043,73.856744
45.501689,-73.567256
37.09024,-95.712891
33.019843,-96.698886
43.653226,-79.383184
39.904211,116.407395
37.223232,-81.449872
56.296504,43.936059
45.657976,25.601198
32.776664,-96.796988
52.132633,5.291266
47.60621,-122.332071
-37.814107,144.96328
38.040584,-84.503716
51.507351,-0.127758
35.86166,104.195397
18.52043,73.856744
12.971599,77.594563
31.230416,121.473701
30.267153,-97.743061
53.544389,-113.490927
37.09024,-95.712891
37.77493,-122.419416
18.52043,73.856744
52.132633,5.291266
39.904211,116.407395
31.230416,121.473701
60.169856,24.938379
31.230416,121.473701
28.083627,-80.608109
34.052234,-118.243685
31.230416,121.473701
37.09024,-95.712891
31.230416,121.473701
37.09024,-95.712891
52.132633,5.291266
43.653226,-79.383184
,
18.52043,73.856744
43.653226,-79.383184
-23.55052,-46.633309
51.507351,-0.127758
-4.038333,21.758664
52.132633,5.291266
39.103118,-84.51202
18.52043,73.856744
43.653226,-79.383184
52.132633,5.291266
27.664827,-81.515754
36.974117,-122.030796
31.230416,121.473701
35.689488,139.691706
47.60621,-122.332071
34.757801,33.09974
43.653226,-79.383184
42.697708,23.321868
42.697708,23.321868
23.12911,113.264385
37.566535,126.977969
49.348235,-124.442826
52.132633,5.291266
-37.814107,144.96328
45.523062,-122.676482
35.689488,139.691706
39.904211,116.407395
37.09024,-95.712891
47.60621,-122.332071
,
-22.906847,-43.172896
-22.906847,-43.172896
-40.900557,174.885971
30.267153,-97.743061
39.781721,-89.650148
37.77493,-122.419416
37.77493,-122.419416
-28.01726,153.425699
52.132633,5.291266
37.77493,-122.419416
-22.906847,-43.172896
-32.926696,151.778892
35.86166,104.195397
25.032969,121.565418
47.60621,-122.332071
24.479834,118.089425
59.858564,17.638927
59.858564,17.638927
,
23.12911,113.264385
39.904211,116.407395
37.09024,-95.712891
52.132633,5.291266
31.230416,121.473701
55.755826,37.6173
-37.814107,144.96328
49.28368,16.359754
51.507351,-0.127758
46.227638,2.213749
46.227638,2.213749
40.712784,-74.005941
35.709026,139.731992
37.77493,-122.419416
37.540725,-77.436048
39.290385,-76.612189
,
32.715738,-117.161084
12.971599,77.594563
37.77493,-122.419416
52.132633,5.291266
39.246114,-94.419118
39.904211,116.407395
56.130366,-106.346771
24.585445,73.712479
37.77493,-122.419416
,
37.77493,-122.419416
32.715738,-117.161084
31.230416,121.473701
31.230416,121.473701
52.132633,5.291266
59.858564,17.638927
59.858564,17.638927
45.657976,25.601198
37.663998,127.978458
37.09024,-95.712891
47.60621,-122.332071
39.290385,-76.612189
-37.814107,144.96328
55.755826,37.6173
,
-23.45425,-46.533793
32.715738,-117.161084
52.132633,5.291266
28.613939,77.209021
51.507351,-0.127758
27.664827,-81.515754
39.904211,116.407395
27.664827,-81.515754
45.657976,25.601198
35.517491,-86.580447
61.52401,105.318756
37.77493,-122.419416
43.653226,-79.383184
-19.916681,-43.934493
52.132633,5.291266
39.904211,116.407395
12.971599,77.594563
37.77493,-122.419416
37.77493,-122.419416
39.781721,-89.650148
23.12911,113.264385
37.09024,-95.712891
45.657976,25.601198
23.12911,113.264385
,
42.697708,23.321868
42.697708,23.321868
3.139003,101.686855
52.132633,5.291266
28.613939,77.209021
,
28.613939,77.209021
-34.603684,-58.381559
37.566535,126.977969
40.712784,-74.005941
18.52043,73.856744
12.971599,77.594563
48.024538,-1.747148
43.653226,-79.383184
43.464258,-80.52041
37.09024,-95.712891
35.709026,139.731992
52.132633,5.291266
18.52043,73.856744
31.230416,121.473701
34.746481,-92.289595
35.517491,-86.580447
35.517491,-86.580447
49.817492,15.472962
47.376887,8.541694
35.517491,-86.580447
39.781721,-89.650148
54.738762,55.972055
52.132633,5.291266
24.044295,120.734995
40.712784,-74.005941
47.121133,-88.569418
37.77493,-122.419416
35.517491,-86.580447
45.523062,-122.676482
35.709026,139.731992
40.712784,-74.005941
32.976233,-96.59527
35.86166,104.195397
32.976233,-96.59527
32.776664,-96.796988
52.132633,5.291266
-37.814107,144.96328
30.267153,-97.743061
53.544389,-113.490927
43.653226,-79.383184
40.925654,-73.140943
34.746481,-92.289595
52.132633,5.291266
36.778261,-119.417932
39.904211,116.407395
42.697708,23.321868
42.697708,23.321868
37.77493,-122.419416
35.86166,104.195397
45.523062,-122.676482
59.329323,18.068581
35.86166,104.195397
52.132633,5.291266
37.77493,-122.419416
37.77493,-122.419416
35.085334,-106.605553
,
-38.416097,-63.616672
37.77493,-122.419416
48.856614,2.352222
37.77493,-122.419416
52.132633,5.291266
37.09024,-95.712891
31.230416,121.473701
37.77493,-122.419416
37.77493,-122.419416
,
32.715738,-117.161084
1.352083,103.819836
33.748995,-84.387982
40.925654,-73.140943
31.230416,121.473701
36.169941,-115.13983
31.230416,121.473701
43.653226,-79.383184
22.396428,114.109497
22.396428,114.109497
37.09024,-95.712891
52.132633,5.291266
51.555774,-1.779718
39.103118,-84.51202
37.77493,-122.419416
15.121995,105.802181
38.914003,121.614682
-37.814107,144.96328
37.77493,-122.419416
-37.814107,144.96328
37.77493,-122.419416
52.132633,5.291266
32.976233,-96.59527
37.77493,-122.419416
-37.814107,144.96328
32.976233,-96.59527
34.746481,-92.289595
35.86166,104.195397
36.778261,-119.417932
35.86166,104.195397
45.523062,-122.676482
34.746481,-92.289595
37.09024,-95.712891
48.708048,44.513303
56.130366,-106.346771
52.132633,5.291266
31.230416,121.473701
34.746481,-92.289595
30.593099,114.305393
33.49417,-111.926052
32.948333,-96.729852
50.62925,3.057256
33.884736,-118.410909
-37.814107,144.96328
40.712784,-74.005941
18.066965,-77.516079
34.052234,-118.243685
48.428421,-123.365644
48.428421,-123.365644
52.132633,5.291266
32.976233,-96.59527
32.976233,-96.59527
37.562992,-122.325525
12.971599,77.594563
34.746481,-92.289595
37.77493,-122.419416
45.638728,-122.661486
36.169941,-115.13983
39.904211,116.407395
40.712784,-74.005941
35.86166,104.195397
39.904211,116.407395
52.132633,5.291266
47.376887,8.541694
31.298979,120.58529
35.86166,104.195397
37.779927,-121.978015
34.746481,-92.289595
36.169941,-115.13983
37.441883,-122.143019
-33.867487,151.20699
31.230416,121.473701
52.132633,5.291266
45.657976,25.601198
51.507351,-0.127758
37.804364,-122.271114
37.566535,126.977969
48.135125,11.581981
32.976233,-96.59527
32.976233,-96.59527
45.523062,-122.676482
52.520007,13.404954
40.712784,-74.005941
35.86166,104.195397
37.804364,-122.271114
45.523062,-122.676482
52.132633,5.291266
37.77493,-122.419416
36.169941,-115.13983
31.230416,121.473701
37.09024,-95.712891
31.298979,120.58529
,
37.779927,-121.978015
37.77493,-122.419416
46.227638,2.213749
52.132633,5.291266
-33.44889,-70.669265
37.77493,-122.419416
30.274085,120.15507
35.085334,-106.605553
35.085334,-106.605553
52.520007,13.404954
,
30.274085,120.15507
29.760427,-95.369803
37.77493,-122.419416
52.132633,5.291266
34.746481,-92.289595
-37.814107,144.96328
37.77493,-122.419416
30.593099,114.305393
-19.916681,-43.934493
37.77493,-122.419416
3.139003,101.686855
37.827178,-122.291308
36.778261,-119.417932
24.044295,120.734995
47.610377,-122.200679
39.904211,116.407395
37.566535,126.977969
52.132633,5.291266
37.77493,-122.419416
37.804364,-122.271114
37.804364,-122.271114
-37.814107,144.96328
-40.900557,174.885971
36.153982,-95.992775
37.387474,-122.057543
35.709026,139.731992
32.776664,-96.796988
12.565679,104.990963
28.538336,-81.379236
33.97159,-6.849813
52.520007,13.404954
37.77493,-122.419416
23.69781,120.960515
39.781721,-89.650148
52.520007,13.404954
30.274085,120.15507
52.132633,5.291266
40.712784,-74.005941
39.904211,116.407395
36.162664,-86.781602
13.08268,80.270718
39.904211,116.407395
15.121995,105.802181
52.520007,13.404954
-37.814107,144.96328
28.538336,-81.379236
32.715738,-117.161084
37.566535,126.977969
45.657976,25.601198
45.523062,-122.676482
15.870032,100.992541
37.77493,-122.419416
52.132633,5.291266
46.729553,-94.6859
46.729553,-94.6859
24.044295,120.734995
23.69781,120.960515
46.729553,-94.6859
46.729553,-94.6859
47.60621,-122.332071
52.132633,5.291266
35.709026,139.731992
37.77493,-122.419416
39.076767,-77.653613
43.653226,-79.383184
33.019843,-96.698886
47.497912,19.040235
59.436961,24.753575
44.977753,-93.265011
23.69781,120.960515
,
,
52.132633,5.291266
25.032969,121.565418
33.97159,-6.849813
35.085334,-106.605553
45.523062,-122.676482
-31.953513,115.857047
36.778261,-119.417932
45.657976,25.601198
1.352083,103.819836
31.230416,121.473701
55.164442,61.436843
47.610377,-122.200679
31.230416,121.473701
40.712784,-74.005941
-18.512178,-44.555031
40.712784,-74.005941
52.132633,5.291266
22.543096,114.057865
-14.235004,-51.92528
32.776664,-96.796988
18.52043,73.856744
39.781721,-89.650148
,
22.543096,114.057865
45.523062,-122.676482
39.904211,116.407395
61.52401,105.318756
52.070498,4.3007
44.977753,-93.265011
23.634501,-102.552784
52.132633,5.291266
,
43.653226,-79.383184
52.520007,13.404954
33.019843,-96.698886
12.971599,77.594563
-33.867487,151.20699
32.948333,-96.729852
39.781721,-89.650148
47.60621,-122.332071
36.169941,-115.13983
35.579868,118.837064
29.951066,-90.071532
52.132633,5.291266
-33.867487,151.20699
30.274085,120.15507
30.274085,120.15507
40.678178,-73.944158
55.164442,61.436843
55.164442,61.436843
55.164442,61.436843
19.075984,72.877656
32.318231,-86.902298
-33.867487,151.20699
52.132633,5.291266
51.048615,-114.070846
39.739236,-104.990251
56.296504,43.936059
39.904211,116.407395
39.739236,-104.990251
45.523062,-122.676482
34.052234,-118.243685
22.744038,-80.087056
23.810332,90.412518
43.464258,-80.52041
45.523062,-122.676482
35.86166,104.195397
33.748995,-84.387982
45.523062,-122.676482
51.048615,-114.070846
52.132633,5.291266
40.678178,-73.944158
-33.867487,151.20699
36.169941,-115.13983
19.075984,72.877656
46.947974,7.447447
10.823099,106.629664
45.523062,-122.676482
42.728412,-73.691785
39.904211,116.407395
51.048615,-114.070846
31.230416,121.473701
37.77493,-122.419416
52.520007,13.404954
30.274085,120.15507
39.904211,116.407395
52.132633,5.291266
30.274085,120.15507
51.048615,-114.070846
57.70887,11.97456
39.904211,116.407395
51.048615,-114.070846
31.298979,120.58529
51.048615,-114.070846
37.77493,-122.419416
37.77493,-122.419416
32.776664,-96.796988
35.86166,104.195397
51.048615,-114.070846
42.728412,-73.691785
52.132633,5.291266
51.048615,-114.070846
42.373616,-71.109733
56.296504,43.936059
46.947974,7.447447
-19.916681,-43.934493
30.274085,120.15507
31.902534,88.244862
57.363858,10.106112
52.520007,13.404954
32.318231,-86.902298
40.678178,-73.944158
40.678178,-73.944158
34.052234,-118.243685
31.230416,121.473701
52.132633,5.291266
24.813829,120.96748
44.977753,-93.265011
30.274085,120.15507
-19.916681,-43.934493
35.227087,-80.843127
37.09024,-95.712891
23.12911,113.264385
55.755826,37.6173
45.501689,-73.567256
47.60621,-122.332071
59.329323,18.068581
52.132633,5.291266
11.127123,78.656894
35.472295,133.0505
35.472295,133.0505
29.651634,-82.324826
31.230416,121.473701
-25.274398,133.775136
27.993174,-82.233904
59.436961,24.753575
59.436961,24.753575
37.386052,-122.083851
-23.55052,-46.633309
59.436961,24.753575
29.651634,-82.324826
45.523062,-122.676482
32.060255,118.796877
52.132633,5.291266
37.77493,-122.419416
-40.900557,174.885971
53.544389,-113.490927
56.296504,43.936059
22.744038,-80.087056
47.610377,-122.200679
39.904211,116.407395
31.230416,121.473701
37.77493,-122.419416
42.373616,-71.109733
35.709026,139.731992
37.77493,-122.419416
52.132633,5.291266
-37.814107,144.96328
33.748995,-84.387982
-18.512178,-44.555031
37.77493,-122.419416
39.904211,116.407395
30.274085,120.15507
12.971599,77.594563
12.971599,77.594563
12.971599,77.594563
30.274085,120.15507
39.246114,-94.419118
52.132633,5.291266
52.229676,21.012229
56.296504,43.936059
37.739651,-121.425223
31.298979,120.58529
32.715738,-117.161084
37.322998,-122.032182
12.971599,77.594563
28.459497,77.026638
23.684994,90.356331
39.904211,116.407395
45.523062,-122.676482
40.678178,-73.944158
40.678178,-73.944158
42.728412,-73.691785
37.09024,-95.712891
52.132633,5.291266
-37.814107,144.96328
40.712784,-74.005941
41.87194,12.56738
30.274085,120.15507
39.904211,116.407395
39.904211,116.407395
37.77493,-122.419416
41.902784,12.496366
-43.532054,172.636225
42.373616,-71.109733
46.947974,7.447447
41.87194,12.56738
28.609013,76.985453
39.904211,116.407395
-43.532054,172.636225
31.230416,121.473701
48.856614,2.352222
37.983917,23.72936
44.314844,-85.602364
52.132633,5.291266
40.712784,-74.005941
40.741836,-73.992881
31.230416,121.473701
37.54827,-121.988572
26.336751,127.797932
12.971599,77.594563
22.543096,114.057865
12.971599,77.594563
12.971599,77.594563
30.593099,114.305393
-37.814107,144.96328
54.219367,9.696117
,
40.678178,-73.944158
52.132633,5.291266
37.09024,-95.712891
14.554729,121.024445
36.778261,-119.417932
45.523062,-122.676482
12.971599,77.594563
12.971599,77.594563
42.373616,-71.109733
50.4501,30.5234
42.360083,-71.05888
32.538601,-117.045576
40.871487,-73.456788
41.87194,12.56738
45.523062,-122.676482
34.79981,-87.677251
43.604652,1.444209
43.604652,1.444209
37.77493,-122.419416
40.712784,-74.005941
-32.926696,151.778892
37.77493,-122.419416
,
36.162664,-86.781602
42.360083,-71.05888
51.165691,10.451526
51.507351,-0.127758
44.953703,-93.089958
39.32098,-111.093731
53.002668,-2.179404
43.61871,-116.214607
42.697708,23.321868
-35.282,149.128684
12.971599,77.594563
39.952584,-75.165222
39.952584,-75.165222
30.593099,114.305393
52.011577,4.357068
52.011577,4.357068
43.653226,-79.383184
59.858564,17.638927
32.776664,-96.796988
32.776664,-96.796988
38.303184,-77.46054
59.858564,17.638927
42.360083,-71.05888
-22.906847,-43.172896
39.739236,-104.990251
33.352826,-111.789027
37.77493,-122.419416
32.776664,-96.796988
32.776664,-96.796988
32.776664,-96.796988
37.77493,-122.419416
32.776664,-96.796988
40.566951,-74.920877
37.77493,-122.419416
40.712784,-74.005941
52.011577,4.357068
60.472024,8.468946
52.011577,4.357068
56.130366,-106.346771
49.45203,11.07675
59.858564,17.638927
40.566951,-74.920877
40.566951,-74.920877
52.486243,-1.890401
50.4501,30.5234
44.314844,-85.602364
59.858564,17.638927
,
37.09024,-95.712891
53.349805,-6.26031
,
,
55.755826,37.6173
39.32098,-111.093731
45.523062,-122.676482
48.856614,2.352222
52.011577,4.357068
35.04563,-85.30968
40.712784,-74.005941
41.008238,28.978359
41.878114,-87.629798
45.42153,-75.697193
49.553517,25.594767
43.653226,-79.383184
41.878114,-87.629798
52.375892,9.73201
56.130366,-106.346771
37.09024,-95.712891
37.77493,-122.419416
45.523062,-122.676482
46.227638,2.213749
48.775846,9.182932
38.907192,-77.036871
55.008353,82.935733
56.130366,-106.346771
46.227638,2.213749
46.227638,2.213749
49.282729,-123.120738
39.952584,-75.165222
39.952584,-75.165222
45.523062,-122.676482
52.011577,4.357068
38.907192,-77.036871
38.907192,-77.036871
37.77493,-122.419416
37.77493,-122.419416
6.927079,79.861243
37.77493,-122.419416
37.77493,-122.419416
37.77493,-122.419416
45.523062,-122.676482
38.303184,-77.46054
52.011577,4.357068
49.444433,32.059767
32.755488,-97.330766
32.715738,-117.161084
-38.416097,-63.616672
39.290385,-76.612189
43.653226,-79.383184
40.440625,-79.995886
40.440625,-79.995886
48.856614,2.352222
36.140751,-5.353585
-0.789275,113.921327
51.048615,-114.070846
40.440625,-79.995886
47.60621,-122.332071
47.80949,13.05501
20.593684,78.96288
6.927079,79.861243
43.073052,-89.40123
,
55.169438,23.881275
35.222567,-97.439478
41.878114,-87.629798
37.77493,-122.419416
37.77493,-122.419416
39.952584,-75.165222
39.952584,-75.165222
37.77493,-122.419416
28.468605,-96.873039
38.907192,-77.036871
55.008353,82.935733
52.392105,4.609598
41.49932,-81.694361
50.4501,30.5234
56.130366,-106.346771
32.755488,-97.330766
29.951066,-90.071532
49.45203,11.07675
39.952584,-75.165222
39.32098,-111.093731
39.952584,-75.165222
39.952584,-75.165222
50.503887,4.469936
39.952584,-75.165222
39.952584,-75.165222
38.029306,-78.476678
60.169856,24.938379
40.712784,-74.005941
50.503887,4.469936
39.952584,-75.165222
46.818188,8.227512
40.712784,-74.005941
39.695263,3.017571
46.729553,-94.6859
40.712784,-74.005941
39.952584,-75.165222
47.60621,-122.332071
40.712784,-74.005941
43.073052,-89.40123
43.073052,-89.40123
41.385064,2.173403
-17.413977,-66.165322
5.603717,-0.186964
39.952584,-75.165222
39.952584,-75.165222
51.048615,-114.070846
32.715738,-117.161084
39.952584,-75.165222
39.952584,-75.165222
45.523062,-122.676482
39.469908,-0.376288
43.653226,-79.383184
37.804364,-122.271114
47.60621,-122.332071
39.952584,-75.165222
39.952584,-75.165222
52.011577,4.357068
43.61871,-116.214607
39.952584,-75.165222
39.952584,-75.165222
37.77493,-122.419416
37.77493,-122.419416
42.360083,-71.05888
39.952584,-75.165222
39.952584,-75.165222
41.87194,12.56738
47.60621,-122.332071
51.165691,10.451526
39.952584,-75.165222
39.952584,-75.165222
41.878114,-87.629798
49.444433,32.059767
37.386052,-122.083851
59.858564,17.638927
35.222567,-97.439478
46.227638,2.213749
43.296988,-2.986203
56.663445,16.356779
39.952584,-75.165222
39.952584,-75.165222
34.052234,-118.243685
39.952584,-75.165222
39.952584,-75.165222
55.008353,82.935733
,
38.907192,-77.036871
39.952584,-75.165222
39.952584,-75.165222
34.052234,-118.243685
43.61871,-116.214607
59.858564,17.638927
42.280826,-83.743038
37.09024,-95.712891
39.739236,-104.990251
39.952584,-75.165222
39.952584,-75.165222
37.77493,-122.419416
35.9132,-79.055845
47.162494,19.503304
-22.906847,-43.172896
39.952584,-75.165222
39.952584,-75.165222
46.227638,2.213749
35.222567,-97.439478
34.233137,-102.410749
39.739236,-104.990251
38.907192,-77.036871
39.952584,-75.165222
39.952584,-75.165222
,
55.755826,37.6173
39.952584,-75.165222
39.952584,-75.165222
43.653226,-79.383184
39.952584,-75.165222
39.952584,-75.165222
55.755826,37.6173
59.436961,24.753575
40.678178,-73.944158
39.952584,-75.165222
39.952584,-75.165222
39.952584,-75.165222
39.952584,-75.165222
51.054342,3.717424
47.60621,-122.332071
50.503887,4.469936
40.712784,-74.005941
47.60621,-122.332071
47.158455,27.601442
47.60621,-122.332071
46.729553,-94.6859
39.952584,-75.165222
39.952584,-75.165222
39.952584,-75.165222
39.952584,-75.165222
,
59.329323,18.068581
50.4501,30.5234
39.952584,-75.165222
49.444433,32.059767
40.566951,-74.920877
39.952584,-75.165222
-14.235004,-51.92528
-23.442503,-58.443832
39.016951,-94.281615
39.952584,-75.165222
41.354266,-71.966462
50.264892,19.023782
37.09024,-95.712891
40.051718,-84.344392
32.755488,-97.330766
46.227638,2.213749
37.09024,-95.712891
39.952584,-75.165222
39.952584,-75.165222
46.227638,2.213749
39.952584,-75.165222
41.354266,-71.966462
50.4501,30.5234
38.029306,-78.476678
41.354266,-71.966462
41.354266,-71.966462
39.952584,-75.165222
35.732652,-78.850286
49.00689,8.403653
29.760427,-95.369803
45.523062,-122.676482
40.463667,-3.74922
46.227638,2.213749
44.458298,-93.161604
55.755826,37.6173
39.32098,-111.093731
59.329323,18.068581
38.303184,-77.46054
42.360083,-71.05888
41.87194,12.56738
53.408371,-2.991573
60.128161,18.643501
43.296988,-2.986203
39.952584,-75.165222
,
46.227638,2.213749
39.952584,-75.165222
39.952584,-75.165222
29.760427,-95.369803
47.158455,27.601442
33.748995,-84.387982
41.878114,-87.629798
33.748995,-84.387982
47.60621,-122.332071
60.472024,8.468946
40.463667,-3.74922
39.952584,-75.165222
39.952584,-75.165222
44.837789,-0.57918
40.566951,-74.920877
48.208174,16.373819
48.208174,16.373819
60.472024,8.468946
32.776664,-96.796988
43.604652,1.444209
43.604652,1.444209
30.267153,-97.743061
41.49932,-81.694361
32.776664,-96.796988
39.952584,-75.165222
39.952584,-75.165222
39.768403,-86.158068
39.768403,-86.158068
59.436961,24.753575
45.440847,12.315515
39.952584,-75.165222
43.412924,-80.477147
39.952584,-75.165222
39.952584,-75.165222
41.87194,12.56738
39.952584,-75.165222
39.32098,-111.093731
52.520007,13.404954
39.290385,-76.612189
37.77493,-122.419416
32.776664,-96.796988
42.360083,-71.05888
48.775846,9.182932
46.729553,-94.6859
45.523062,-122.676482
45.523062,-122.676482
40.712784,-74.005941
49.00689,8.403653
,
36.162664,-86.781602
39.045755,-76.641271
-34.603684,-58.381559
34.058043,-118.273127
35.04563,-85.30968
39.045755,-76.641271
46.729553,-94.6859
40.712784,-74.005941
34.019454,-118.491191
35.04563,-85.30968
59.858564,17.638927
40.678178,-73.944158
40.566951,-74.920877
49.817492,15.472962
50.456766,2.616972
52.520007,13.404954
41.354266,-71.966462
-0.789275,113.921327
37.77493,-122.419416
39.399872,-8.224454
59.858564,17.638927
40.463667,-3.74922
45.188529,5.724524
36.162664,-86.781602
41.87194,12.56738
35.9132,-79.055845
35.04563,-85.30968
52.370216,4.895168
41.997346,21.427996
15.886755,74.179777
35.9132,-79.055845
43.610769,3.876716
40.463667,-3.74922
42.280826,-83.743038
-40.900557,174.885971
-40.900557,174.885971
43.604652,1.444209
40.999539,-75.181291
39.043757,-77.487442
37.77493,-122.419416
48.633082,-122.928982
37.77493,-122.419416
49.822377,19.058384
43.412924,-80.477147
55.755826,37.6173
46.202185,1.264387
51.165691,10.451526
-40.900557,174.885971
48.135125,11.581981
39.045755,-76.641271
37.827178,-122.291308
53.795984,-1.759398
38.440429,-122.714055
41.492463,-81.652822
37.386052,-122.083851
43.464258,-80.52041
-34.603684,-58.381559
47.60621,-122.332071
34.00071,-81.034814
40.566951,-74.920877
41.545449,-8.426507
,
40.712784,-74.005941
47.60621,-122.332071
,
41.49932,-81.694361
38.029306,-78.476678
33.717471,-117.831143
44.558803,-72.577841
3.800889,-76.641271
52.070498,4.3007
60.169856,24.938379
51.165691,10.451526
40.712784,-74.005941
-40.900557,174.885971
56.296504,43.936059
35.04563,-85.30968
40.051718,-84.344392
37.77493,-122.419416
37.09024,-95.712891
37.804364,-122.271114
48.135125,11.581981
41.49932,-81.694361
40.712784,-74.005941
45.523062,-122.676482
53.408371,-2.991573
43.16103,-77.610922
13.794185,-88.89653
40.440625,-79.995886
39.768403,-86.158068
43.16103,-77.610922
39.739236,-104.990251
49.282729,-123.120738
31.768319,35.21371
47.60621,-122.332071
38.963745,35.243322
52.370216,4.895168
46.227638,2.213749
47.60621,-122.332071
47.158455,27.601442
47.60621,-122.332071
41.87194,12.56738
55.953252,-3.188267
4.710989,-74.072092
,
59.329323,18.068581
51.919438,19.145136
40.712784,-74.005941
37.338208,-121.886329
41.878114,-87.629798
52.406374,16.925168
49.872825,8.651193
-34.603684,-58.381559
48.048754,-3.644818
20.659699,-103.349609
41.87194,12.56738
48.428421,-123.365644
41.853177,-71.397281
37.77493,-122.419416
49.282729,-123.120738
52.370216,4.895168
41.49932,-81.694361
60.451813,22.26663
33.553914,-117.213923
39.768403,-86.158068
43.653226,-79.383184
,
45.523062,-122.676482
40.566951,-74.920877
43.653226,-79.383184
43.653226,-79.383184
5.603717,-0.186964
33.553914,-117.213923
38.029306,-78.476678
37.77493,-122.419416
34.052234,-118.243685
41.878114,-87.629798
32.755488,-97.330766
37.09024,-95.712891
-14.235004,-51.92528
49.282729,-123.120738
37.09024,-95.712891
37.09024,-95.712891
37.09024,-95.712891
38.029306,-78.476678
38.029306,-78.476678
60.128161,18.643501
37.09024,-95.712891
,
55.755826,37.6173
43.16103,-77.610922
38.029306,-78.476678
37.77493,-122.419416
52.229676,21.012229
37.09024,-95.712891
-35.675147,-71.542969
32.776664,-96.796988
32.755488,-97.330766
37.09024,-95.712891
37.09024,-95.712891
37.09024,-95.712891
39.739236,-104.990251
38.029306,-78.476678
43.653226,-79.383184
45.42153,-75.697193
37.871593,-122.272747
38.029306,-78.476678
47.681488,-122.208735
38.029306,-78.476678
51.165691,10.451526
40.566951,-74.920877
39.952584,-75.165222
38.907192,-77.036871
48.015883,37.80285
41.878114,-87.629798
27.336435,-82.530653
-14.235004,-51.92528
32.776664,-96.796988
52.392105,4.609598
49.817492,15.472962
37.77493,-122.419416
47.681488,-122.208735
47.681488,-122.208735
38.029306,-78.476678
51.165691,10.451526
27.336435,-82.530653
52.392105,4.609598
52.392105,4.609598
3.139003,101.686855
46.813878,-71.207981
52.411811,-1.77761
52.070498,4.3007
43.16103,-77.610922
41.385064,2.173403
41.354266,-71.966462
35.227087,-80.843127
59.93428,30.335099
49.553517,25.594767
45.487062,-122.80371
53.002668,-2.179404
53.002668,-2.179404
29.951066,-90.071532
53.002668,-2.179404
53.002668,-2.179404
38.677959,-121.176058
37.77493,-122.419416
41.008238,28.978359
41.008238,28.978359
39.952584,-75.165222
40.712784,-74.005941
39.927751,-74.37797
42.280826,-83.743038
40.566951,-74.920877
41.87194,12.56738
46.729553,-94.6859
59.858564,17.638927
43.61871,-116.214607
12.971599,77.594563
45.501689,-73.567256
59.858564,17.638927
41.878114,-87.629798
60.079321,31.892664
50.4501,30.5234
37.09024,-95.712891
47.158455,27.601442
43.653226,-79.383184
60.451813,22.26663
39.768403,-86.158068
34.052234,-118.243685
43.61871,-116.214607
46.729553,-94.6859
43.653226,-79.383184
37.77493,-122.419416
11.004107,-74.806981
37.77493,-122.419416
56.130366,-106.346771
47.60621,-122.332071
42.360083,-71.05888
44.786568,20.448922
37.77493,-122.419416
52.014288,6.139782
59.329323,18.068581
41.87194,12.56738
40.712784,-74.005941
40.391617,-111.850766
41.008238,28.978359
50.4501,30.5234
47.60621,-122.332071
-25.274398,133.775136
51.752021,-1.257726
45.523062,-122.676482
-0.789275,113.921327
51.507351,-0.127758
56.26392,9.501785
39.768403,-86.158068
39.768403,-86.158068
39.768403,-86.158068
34.670619,135.820833
,
4.710989,-74.072092
38.029306,-78.476678
38.029306,-78.476678
45.501689,-73.567256
27.950575,-82.457178
44.558803,-72.577841
,
60.169856,24.938379
44.200797,24.502298
44.977753,-93.265011
34.019454,-118.491191
34.670619,135.820833
43.61871,-116.214607
51.507351,-0.127758
48.379433,31.16558
40.391617,-111.850766
37.77493,-122.419416
37.77493,-122.419416
-22.906847,-43.172896
43.653226,-79.383184
51.165691,10.451526
35.085334,-106.605553
35.994033,-78.898619
47.60621,-122.332071
44.314844,-85.602364
47.60621,-122.332071
47.60621,-122.332071
38.303184,-77.46054
38.303184,-77.46054
52.070498,4.3007
40.566951,-74.920877
-40.900557,174.885971
48.379433,31.16558
37.386052,-122.083851
59.329323,18.068581
43.653226,-79.383184
61.52401,105.318756
33.448377,-112.074037
36.746842,-119.772587
50.075538,14.4378
9.748917,-83.753428
33.448377,-112.074037
44.977753,-93.265011
60.472024,8.468946
9.748917,-83.753428
48.048754,-3.644818
51.919438,19.145136
59.329323,18.068581
44.837789,-0.57918
35.994033,-78.898619
-25.274398,133.775136
47.60621,-122.332071
-40.900557,174.885971
47.158455,27.601442
30.309462,-104.020623
60.128161,18.643501
48.825117,2.357519
48.856614,2.352222
52.370216,4.895168
38.907192,-77.036871
50.62925,3.057256
37.386052,-122.083851
38.303184,-77.46054
61.52401,105.318756
52.130661,-3.783712
47.158455,27.601442
52.130661,-3.783712
41.87194,12.56738
37.77493,-122.419416
48.208174,16.373819
40.712784,-74.005941
39.079948,-84.454021
32.776664,-96.796988
40.566951,-74.920877
42.443961,-76.501881
40.712784,-74.005941
42.733883,25.48583
51.507351,-0.127758
52.014288,6.139782
45.523062,-122.676482
40.712784,-74.005941
49.45203,11.07675
45.764043,4.835659
60.128161,18.643501
-22.906847,-43.172896
40.712784,-74.005941
39.739236,-104.990251
42.601181,-76.180484
-3.119027,-60.021731
44.837789,-0.57918
46.227638,2.213749
,
,
37.566535,126.977969
37.77493,-122.419416
37.77493,-122.419416
42.360083,-71.05888
37.424106,-122.166076
58.029681,56.266792
-40.900557,174.885971
51.165691,10.451526
45.523062,-122.676482
46.818188,8.227512
37.77493,-122.419416
37.77493,-122.419416
58.595272,25.013607
49.00689,8.403653
37.387474,-122.057543
37.77493,-122.419416
42.280826,-83.743038
48.856614,2.352222
45.523062,-122.676482
34.052234,-118.243685
51.165691,10.451526
38.907192,-77.036871
36.850769,-76.285873
51.507351,-0.127758
51.507351,-0.127758
41.87194,12.56738
37.387474,-122.057543
52.520007,13.404954
43.653226,-79.383184
42.733883,25.48583
47.60621,-122.332071
27.664827,-81.515754
37.387474,-122.057543
43.653226,-79.383184
53.480759,-2.242631
47.497912,19.040235
46.729553,-94.6859
-34.603684,-58.381559
-27.471011,153.023449
40.014986,-105.270546
51.165691,10.451526
34.670619,135.820833
47.60621,-122.332071
53.390044,-2.59695
37.387474,-122.057543
40.566951,-74.920877
58.029681,56.266792
52.132633,5.291266
37.387474,-122.057543
41.878114,-87.629798
47.60621,-122.332071
46.227638,2.213749
43.661471,-70.255326
47.60621,-122.332071
41.87194,12.56738
47.60621,-122.332071
47.60621,-122.332071
43.296988,-2.986203
47.60621,-122.332071
41.878114,-87.629798
42.360083,-71.05888
47.60621,-122.332071
44.977753,-93.265011
-33.867487,151.20699
-33.867487,151.20699
43.073052,-89.40123
38.963745,35.243322
55.378051,-3.435973
41.87194,12.56738
37.77493,-122.419416
37.566535,126.977969
45.501689,-73.567256
-3.731862,-38.52667
49.817492,15.472962
-40.900557,174.885971
45.84157,8.977015
37.77493,-122.419416
43.193852,-71.572395
41.87194,12.56738
-25.274398,133.775136
43.193852,-71.572395
30.267153,-97.743061
32.776664,-96.796988
43.193852,-71.572395
43.193852,-71.572395
43.193852,-71.572395
37.77493,-122.419416
49.45203,11.07675
40.014986,-105.270546
51.165691,10.451526
41.87194,12.56738
32.776664,-96.796988
32.776664,-96.796988
32.776664,-96.796988
-25.274398,133.775136
-25.274398,133.775136
32.776664,-96.796988
20.593684,78.96288
-45.87876,170.502798
41.878114,-87.629798
51.919438,19.145136
-34.603684,-58.381559
29.760427,-95.369803
47.60621,-122.332071
47.60621,-122.332071
-34.603684,-58.381559
43.073052,-89.40123
40.440625,-79.995886
39.32098,-111.093731
39.32098,-111.093731
45.42153,-75.697193
37.77493,-122.419416
-33.867487,151.20699
39.904211,116.407395
49.815273,6.129583
30.267153,-97.743061
43.653226,-79.383184
60.128161,18.643501
42.802808,-83.012987
-33.867487,151.20699
22.396428,114.109497
48.208174,16.373819
48.208174,16.373819
48.208174,16.373819
48.208174,16.373819
48.208174,16.373819
48.117266,-1.677793
48.117266,-1.677793
45.523062,-122.676482
48.135125,11.581981
43.16103,-77.610922
37.441883,-122.143019
47.60621,-122.332071
43.16103,-77.610922
39.32098,-111.093731
56.130366,-106.346771
52.392105,4.609598
25.032969,121.565418
32.776664,-96.796988
37.77493,-122.419416
,
52.520007,13.404954
45.523062,-122.676482
56.144596,40.417869
50.4501,30.5234
50.4501,30.5234
40.712784,-74.005941
-25.274398,133.775136
45.523062,-122.676482
45.523062,-122.676482
40.712784,-74.005941
27.950575,-82.457178
37.45296,-122.181725
34.019454,-118.491191
29.760427,-95.369803
29.760427,-95.369803
42.360083,-71.05888
30.267153,-97.743061
39.952584,-75.165222
43.464258,-80.52041
48.856614,2.352222
-25.274398,133.775136
30.267153,-97.743061
43.653226,-79.383184
39.399872,-8.224454
48.117266,-1.677793
48.117266,-1.677793
33.748995,-84.387982
52.520007,13.404954
55.953252,-3.188267
40.712784,-74.005941
40.014986,-105.270546
40.014986,-105.270546
47.60621,-122.332071
47.60621,-122.332071
40.712784,-74.005941
40.014986,-105.270546
-35.675147,-71.542969
51.507351,-0.127758
56.838926,60.605703
43.296988,-2.986203
-25.274398,133.775136
48.379433,31.16558
48.117266,-1.677793
48.117266,-1.677793
38.029306,-78.476678
35.709026,139.731992
40.391617,-111.850766
45.84157,8.977015
-3.119027,-60.021731
39.629526,-79.955897
56.144596,40.417869
-25.274398,133.775136
39.043757,-77.487442
40.014986,-105.270546
52.392105,4.609598
40.712784,-74.005941
36.162664,-86.781602
51.919438,19.145136
37.09024,-95.712891
47.497912,19.040235
40.014986,-105.270546
48.117266,-1.677793
,
-25.274398,133.775136
48.208174,16.373819
40.728224,-73.794852
35.994033,-78.898619
43.653226,-79.383184
40.014986,-105.270546
39.32098,-111.093731
33.448377,-112.074037
-27.216093,-49.643502
54.95268,-1.603411
46.227638,2.213749
51.507351,-0.127758
40.014986,-105.270546
42.360083,-71.05888
40.566951,-74.920877
51.165691,10.451526
41.87194,12.56738
-34.901113,-56.164531
37.09024,-95.712891
51.481581,-3.17909
47.60621,-122.332071
63.430515,10.395053
4.570868,-74.297333
26.449923,80.331874
48.856614,2.352222
51.507351,-0.127758
52.090737,5.12142
52.090737,5.12142
52.090737,5.12142
50.4501,30.5234
40.233844,-111.658534
9.81757,-74.81074
60.128161,18.643501
39.32098,-111.093731
-27.471011,153.023449
37.441883,-122.143019
37.441883,-122.143019
40.712784,-74.005941
60.128161,18.643501
51.919438,19.145136
-19.916681,-43.934493
46.285691,-119.284462
32.715738,-117.161084
41.878114,-87.629798
34.052234,-118.243685
40.712784,-74.005941
38.907192,-77.036871
41.008238,28.978359
41.008238,28.978359
20.593684,78.96288
32.715738,-117.161084
51.507351,-0.127758
49.282729,-123.120738
50.62925,3.057256
40.014986,-105.270546
30.267153,-97.743061
39.961176,-82.998794
40.014986,-105.270546
46.227638,2.213749
40.014986,-105.270546
51.507351,-0.127758
48.38069,7.695487
,
50.503887,4.469936
-33.44889,-70.669265
43.193852,-71.572395
39.32098,-111.093731
40.999539,-75.181291
53.544389,-113.490927
44.977753,-93.265011
38.951705,-92.334072
37.77493,-122.419416
39.952584,-75.165222
39.32098,-111.093731
45.943161,24.96676
42.373616,-71.109733
34.052234,-118.243685
40.424867,-111.797929
41.878114,-87.629798
37.09024,-95.712891
53.90454,27.561524
36.169941,-115.13983
37.77493,-122.419416
38.029306,-78.476678
48.048754,-3.644818
37.09024,-95.712891
56.838926,60.605703
51.165691,10.451526
-34.901113,-56.164531
37.77493,-122.419416
35.994033,-78.898619
-25.428954,-49.267137
38.029306,-78.476678
44.314844,-85.602364
,
39.952584,-75.165222
42.373616,-71.109733
38.907192,-77.036871
55.378051,-3.435973
50.62925,3.057256
41.878114,-87.629798
40.566951,-74.920877
45.42153,-75.697193
37.77493,-122.419416
32.776664,-96.796988
4.570868,-74.297333
47.60621,-122.332071
53.349805,-6.26031
37.563973,111.138395
-30.034647,-51.217658
32.776664,-96.796988
40.760779,-111.891047
52.370216,4.895168
45.523062,-122.676482
37.77493,-122.419416
32.776664,-96.796988
35.86166,104.195397
32.776664,-96.796988
32.776664,-96.796988
32.776664,-96.796988
39.739236,-104.990251
38.040584,-84.503716
,
40.712784,-74.005941
15.51492,-87.992268
-14.235004,-51.92528
42.373616,-71.109733
43.193852,-71.572395
43.193852,-71.572395
43.193852,-71.572395
43.193852,-71.572395
43.193852,-71.572395
55.755826,37.6173
37.827178,-122.291308
46.285691,-119.284462
37.827178,-122.291308
51.165691,10.451526
52.706366,-2.741785
41.878114,-87.629798
47.60621,-122.332071
37.827178,-122.291308
47.60621,-122.332071
51.507351,-0.127758
47.60621,-122.332071
-36.84846,174.763332
17.760702,-92.59361
37.827178,-122.291308
38.029306,-78.476678
53.002668,-2.179404
43.653226,-79.383184
32.776664,-96.796988
55.755826,37.6173
52.392105,4.609598
30.267153,-97.743061
47.60621,-122.332071
40.712784,-74.005941
41.878114,-87.629798
46.285691,-119.284462
41.878114,-87.629798
43.073052,-89.40123
37.77493,-122.419416
47.60621,-122.332071
39.32098,-111.093731
29.760427,-95.369803
47.60621,-122.332071
-34.603684,-58.381559
47.60621,-122.332071
47.60621,-122.332071
39.399872,-8.224454
47.60621,-122.332071
41.878114,-87.629798
51.165691,10.451526
39.32098,-111.093731
48.135125,11.581981
38.40765,-122.947713
24.051796,120.516135
-34.603684,-58.381559
40.391617,-111.850766
42.360083,-71.05888
46.227638,2.213749
43.193852,-71.572395
43.193852,-71.572395
43.193852,-71.572395
43.193852,-71.572395
39.399872,-8.224454
22.396428,114.109497
50.4501,30.5234
47.60621,-122.332071
43.604652,1.444209
32.715738,-117.161084
37.827178,-122.291308
50.503887,4.469936
37.09024,-95.712891
37.77493,-122.419416
22.396428,114.109497
44.314844,-85.602364
40.712784,-74.005941
40.712784,-74.005941
44.977753,-93.265011
48.922633,24.711117
52.486243,-1.890401
40.678178,-73.944158
51.653306,5.294347
50.62925,3.057256
41.008238,28.978359
40.712784,-74.005941
40.014986,-105.270546
60.472024,8.468946
39.399872,-8.224454
52.392105,4.609598
42.373616,-71.109733
52.586214,-1.982919
46.227638,2.213749
45.777222,3.087025
52.520007,13.404954
53.90454,27.561524
42.373616,-71.109733
42.373616,-71.109733
45.523062,-122.676482
22.396428,114.109497
37.09024,-95.712891
44.937483,-93.201
54.725006,20.573634
51.653306,5.294347
5.603717,-0.186964
51.653306,5.294347
41.008238,28.978359
44.977753,-93.265011
-14.235004,-51.92528
39.399872,-8.224454
40.014986,-105.270546
40.014986,-105.270546
36.153982,-95.992775
42.373616,-71.109733
43.464258,-80.52041
41.008238,28.978359
39.399872,-8.224454
32.948333,-96.729852
37.77493,-122.419416
39.32098,-111.093731
34.670619,135.820833
39.399872,-8.224454
47.60621,-122.332071
29.760427,-95.369803
41.008238,28.978359
53.349805,-6.26031
51.896892,-8.486316
52.520007,13.404954
41.252363,-95.997988
51.919438,19.145136
1.352083,103.819836
51.507351,-0.127758
50.819768,-1.087977
34.233137,-102.410749
37.441883,-122.143019
42.697708,23.321868
43.193852,-71.572395
-27.471011,153.023449
39.399872,-8.224454
31.968599,-99.901813
41.008238,28.978359
,
40.566951,-74.920877
52.520007,13.404954
46.227638,2.213749
43.76956,11.255814
59.329323,18.068581
42.373616,-71.109733
34.052234,-118.243685
40.566951,-74.920877
39.32098,-111.093731
41.87194,12.56738
39.290385,-76.612189
37.77493,-122.419416
39.079948,-84.454021
41.81868,-72.479037
37.827178,-122.291308
,
,
44.977753,-93.265011
22.396428,114.109497
59.329323,18.068581
37.827178,-122.291308
55.378051,-3.435973
37.827178,-122.291308
37.827178,-122.291308
,
53.002668,-2.179404
51.507351,-0.127758
43.653226,-79.383184
43.653226,-79.383184
-34.603684,-58.381559
40.712784,-74.005941
55.378051,-3.435973
55.378051,-3.435973
41.81868,-72.479037
47.60621,-122.332071
37.77493,-122.419416
44.977753,-93.265011
60.472024,8.468946
49.992862,8.247253
41.81868,-72.479037
40.566951,-74.920877
37.77493,-122.419416
37.77493,-122.419416
44.977753,-93.265011
44.977753,-93.265011
39.32098,-111.093731
51.752021,-1.257726
52.011577,4.357068
41.81868,-72.479037
44.786568,20.448922
48.428421,-123.365644
43.193852,-71.572395
42.360083,-71.05888
55.378051,-3.435973
39.32098,-111.093731
47.60621,-122.332071
41.49932,-81.694361
35.744713,-5.806749
41.008238,28.978359
56.130366,-106.346771
51.507351,-0.127758
,
43.653226,-79.383184
48.428421,-123.365644
43.193852,-71.572395
51.507351,-0.127758
45.815011,15.981919
44.786568,20.448922
,
40.712784,-74.005941
52.011577,4.357068
52.011577,4.357068
51.675497,39.208882
52.132633,5.291266
44.786568,20.448922
48.692054,6.184417
,
52.370216,4.895168
37.77493,-122.419416
44.959135,-89.630122
36.778261,-119.417932
51.507351,-0.127758
51.507351,-0.127758
44.786568,20.448922
52.132633,5.291266
59.329323,18.068581
3.800889,-76.641271
37.77493,-122.419416
-12.046374,-77.042793
55.755826,37.6173
43.757016,-79.451967
59.329323,18.068581
51.507351,-0.127758
44.786568,20.448922
-12.046374,-77.042793
44.786568,20.448922
41.008238,28.978359
41.008238,28.978359
44.786568,20.448922
41.81868,-72.479037
40.566951,-74.920877
52.132633,5.291266
37.983917,23.72936
37.562992,-122.325525
36.162664,-86.781602
-33.867487,151.20699
44.786568,20.448922
48.775846,9.182932
45.815011,15.981919
34.019454,-118.491191
53.002668,-2.179404
55.378051,-3.435973
51.507351,-0.127758
-32.926696,151.778892
40.391617,-111.850766
40.014986,-105.270546
44.786568,20.448922
55.378051,-3.435973
51.507351,-0.127758
32.776475,-79.931051
38.907192,-77.036871
-38.005477,-57.542611
-14.235004,-51.92528
41.354266,-71.966462
47.497912,19.040235
44.314844,-85.602364
41.008238,28.978359
41.008238,28.978359
37.09024,-95.712891
30.267153,-97.743061
,
35.282752,-120.659616
37.77493,-122.419416
41.008238,28.978359
41.008238,28.978359
44.977753,-93.265011
51.507351,-0.127758
55.378051,-3.435973
41.81868,-72.479037
55.378051,-3.435973
60.169856,24.938379
,
52.520007,13.404954
45.465422,9.185924
36.778261,-119.417932
42.280826,-83.743038
41.008238,28.978359
53.357018,-2.085357
-33.867487,151.20699
44.426767,26.102538
52.370216,4.895168
37.77493,-122.419416
,
55.378051,-3.435973
52.586214,-1.982919
47.60621,-122.332071
47.60621,-122.332071
38.303184,-77.46054
41.008238,28.978359
39.290385,-76.612189
30.267153,-97.743061
51.919438,19.145136
40.712784,-74.005941
51.507351,-0.127758
32.0853,34.781768
38.252665,-85.758456
45.42153,-75.697193
35.408752,-80.579511
42.373616,-71.109733
52.132633,5.291266
37.09024,-95.712891
52.090737,5.12142
39.961176,-82.998794
42.373616,-71.109733
40.014986,-105.270546
40.014986,-105.270546
38.963745,35.243322
53.709807,27.953389
32.060255,118.796877
43.76956,11.255814
44.314844,-85.602364
51.507351,-0.127758
60.169856,24.938379
48.048754,-3.644818
45.523062,-122.676482
34.052234,-118.243685
-33.867487,151.20699
41.878114,-87.629798
41.49932,-81.694361
39.739236,-104.990251
51.481845,7.216236
,
40.014986,-105.270546
43.193852,-71.572395
27.751828,-82.626734
27.751828,-82.626734
-34.632535,-58.522263
43.193852,-71.572395
43.193852,-71.572395
41.008238,28.978359
40.712784,-74.005941
6.755734,-73.102305
29.651634,-82.324826
46.074779,11.121749
9.81757,-74.81074
52.229676,21.012229
37.77493,-122.419416
43.653226,-79.383184
43.610769,3.876716
56.130366,-106.346771
40.014986,-105.270546
47.60621,-122.332071
47.60621,-122.332071
42.331427,-83.045754
39.739236,-104.990251
43.073052,-89.40123
36.229794,-93.107677
43.653226,-79.383184
42.360083,-71.05888
-14.235004,-51.92528
51.919438,19.145136
52.370216,4.895168
48.775846,9.182932
60.169856,24.938379
-14.235004,-51.92528
-14.235004,-51.92528
-14.235004,-51.92528
44.231172,-76.485954
27.664827,-81.515754
43.610769,3.876716
42.271397,42.705444
42.360083,-71.05888
41.008238,28.978359
47.60621,-122.332071
-25.274398,133.775136
37.77493,-122.419416
51.919438,19.145136
41.385064,2.173403
-14.235004,-51.92528
42.697708,23.321868
51.507351,-0.127758
61.52401,105.318756
39.739236,-104.990251
56.296504,43.936059
37.09024,-95.712891
36.778261,-119.417932
53.349805,-6.26031
37.77493,-122.419416
52.370216,4.895168
,
38.303184,-77.46054
35.823483,-78.825562
,
37.77493,-122.419416
39.739236,-104.990251
,
34.233137,-102.410749
50.85034,4.35171
35.994033,-78.898619
-33.867487,151.20699
52.370216,4.895168
42.360083,-71.05888
47.60621,-122.332071
38.963745,35.243322
47.60621,-122.332071
47.60621,-122.332071
48.464717,35.046183
33.748995,-84.387982
45.523062,-122.676482
46.227638,2.213749
36.977173,-121.899402
36.977173,-121.899402
39.952584,-75.165222
35.282752,-120.659616
33.42551,-111.940005
38.901223,-77.26526
22.396428,114.109497
35.77959,-78.638179
44.977753,-93.265011
41.768604,-87.814315
-34.563418,-58.480208
37.287165,-121.949957
37.09024,-95.712891
37.77493,-122.419416
17.760702,-92.59361
41.81868,-72.479037
38.627003,-90.199404
42.41843,-71.106164
55.676097,12.568337
29.951066,-90.071532
37.77493,-122.419416
37.77493,-122.419416
57.70887,11.97456
43.653226,-79.383184
43.073052,-89.40123
51.165691,10.451526
40.712784,-74.005941
33.42551,-111.940005
41.878114,-87.629798
43.073052,-89.40123
28.538336,-81.379236
27.664827,-81.515754
61.52401,105.318756
29.462737,-95.357994
43.073052,-89.40123
43.073052,-89.40123
-23.55052,-46.633309
37.77493,-122.419416
37.77493,-122.419416
47.60621,-122.332071
54.323293,10.122765
29.760427,-95.369803
51.507351,-0.127758
37.720827,-122.435585
39.961176,-82.998794
46.227638,2.213749
41.008238,28.978359
41.008238,28.978359
37.77493,-122.419416
34.233137,-102.410749
14.47931,121.019823
36.162664,-86.781602
37.827178,-122.291308
41.81868,-72.479037
45.523062,-122.676482
37.09024,-95.712891
41.008238,28.978359
53.959965,-1.087298
41.972079,-87.75173
40.760779,-111.891047
-8.576995,116.100489
47.158455,27.601442
41.008238,28.978359
49.282729,-123.120738
42.360083,-71.05888
42.360083,-71.05888
42.96336,-85.668086
56.26392,9.501785
42.373616,-71.109733
,
40.566951,-74.920877
38.627003,-90.199404
56.26392,9.501785
37.77493,-122.419416
53.959965,-1.087298
40.712784,-74.005941
52.090737,5.12142
39.32098,-111.093731
19.432608,-99.133208
42.96336,-85.668086
52.132633,5.291266
44.786568,20.448922
38.963745,35.243322
40.712784,-74.005941
51.339696,12.373075
38.963745,35.243322
40.712784,-74.005941
37.77493,-122.419416
54.323293,10.122765
48.048754,-3.644818
,
60.128161,18.643501
40.712784,-74.005941
41.008238,28.978359
48.117266,-1.677793
38.303184,-77.46054
53.349805,-6.26031
30.375321,69.345116
41.61759,0.620015
41.61759,0.620015
32.715738,-117.161084
45.523062,-122.676482
39.739236,-104.990251
41.385064,2.173403
41.81868,-72.479037
40.014986,-105.270546
37.09024,-95.712891
43.073052,-89.40123
43.073052,-89.40123
-8.576995,116.100489
37.77493,-122.419416
28.538336,-81.379236
20.593684,78.96288
51.507351,-0.127758
52.370216,4.895168
46.227638,2.213749
49.817492,15.472962
38.029306,-78.476678
37.09024,-95.712891
44.786568,20.448922
38.901223,-77.26526
37.77493,-122.419416
35.994033,-78.898619
37.77493,-122.419416
48.135125,11.581981
41.354266,-71.966462
37.77493,-122.419416
52.387388,4.646219
45.267135,19.83355
38.907192,-77.036871
35.994033,-78.898619
37.09024,-95.712891
38.029306,-78.476678
38.029306,-78.476678
40.712784,-74.005941
38.029306,-78.476678
40.712784,-74.005941
40.712784,-74.005941
40.712784,-74.005941
41.878114,-87.629798
56.26392,9.501785
34.052234,-118.243685
28.538336,-81.379236
48.117266,-1.677793
48.117266,-1.677793
,
13.08268,80.270718
37.827178,-122.291308
40.712784,-74.005941
51.731805,0.671448
38.963745,35.243322
38.963745,35.243322
52.392105,4.609598
34.233137,-102.410749
38.963745,35.243322
40.014986,-105.270546
38.963745,35.243322
40.416775,-3.70379
53.800755,-1.549077
38.907192,-77.036871
41.878114,-87.629798
37.827178,-122.291308
52.132633,5.291266
37.827178,-122.291308
50.075538,14.4378
29.760427,-95.369803
52.132633,5.291266
45.523062,-122.676482
34.052234,-118.243685
20.593684,78.96288
-25.274398,133.775136
34.052234,-118.243685
45.523062,-122.676482
38.907192,-77.036871
,
,
37.09024,-95.712891
40.712784,-74.005941
41.61759,0.620015
60.169856,24.938379
60.169856,24.938379
52.375892,9.73201
,
42.387597,-71.099497
29.951066,-90.071532
51.731805,0.671448
53.002668,-2.179404
43.193852,-71.572395
48.856614,2.352222
38.907192,-77.036871
46.056947,14.505751
41.49932,-81.694361
32.715738,-117.161084
22.396428,114.109497
59.436961,24.753575
34.852618,-82.39401
40.425869,-86.908066
40.712784,-74.005941
48.148597,17.107748
46.074779,11.121749
52.520007,13.404954
38.303184,-77.46054
50.62925,3.057256
45.523062,-122.676482
55.755826,37.6173
51.919438,19.145136
45.523062,-122.676482
53.002668,-2.179404
50.4501,30.5234
48.015883,37.80285
59.858564,17.638927
39.739236,-104.990251
41.008238,28.978359
41.008238,28.978359
53.795984,-1.759398
37.09024,-95.712891
37.77493,-122.419416
50.747233,25.325383
51.507351,-0.127758
-23.55052,-46.633309
43.16103,-77.610922
39.739236,-104.990251
39.739236,-104.990251
37.09024,-95.712891
44.736788,1.381867
39.32098,-111.093731
41.878114,-87.629798
32.715738,-117.161084
,
51.507351,-0.127758
52.586214,-1.982919
34.852618,-82.39401
33.448377,-112.074037
45.523062,-122.676482
45.400993,-71.882429
38.627003,-90.199404
47.60621,-122.332071
51.507351,-0.127758
43.76956,11.255814
37.09024,-95.712891
37.77493,-122.419416
41.385064,2.173403
51.507351,-0.127758
37.77493,-122.419416
34.052234,-118.243685
50.075538,14.4378
55.646016,12.297937
53.002668,-2.179404
,
35.994033,-78.898619
30.267153,-97.743061
30.267153,-97.743061
37.827178,-122.291308
,
18.735693,-70.162651
37.983917,23.72936
57.70887,11.97456
37.09024,-95.712891
59.329323,18.068581
51.165691,10.451526
45.523062,-122.676482
51.165691,10.451526
,
,
51.919438,19.145136
40.712784,-74.005941
37.827178,-122.291308
48.74908,-122.478147
33.448377,-112.074037
52.520007,13.404954
-25.274398,133.775136
48.015883,37.80285
31.046051,34.851612
33.683947,-117.794694
39.043757,-77.487442
45.523062,-122.676482
45.523062,-122.676482
37.827178,-122.291308
38.907192,-77.036871
45.523062,-122.676482
37.77493,-122.419416
37.827178,-122.291308
,
31.046051,34.851612
45.523062,-122.676482
40.712784,-74.005941
40.712784,-74.005941
55.378051,-3.435973
45.523062,-122.676482
45.523062,-122.676482
49.282729,-123.120738
51.165691,10.451526
37.77493,-122.419416
32.083541,-81.099834
39.083997,-77.152758
51.507351,-0.127758
45.523062,-122.676482
45.523062,-122.676482
45.523062,-122.676482
40.233844,-111.658534
45.523062,-122.676482
45.523062,-122.676482
55.378051,-3.435973
37.09024,-95.712891
42.280929,-71.237755
39.739236,-104.990251
59.329323,18.068581
59.329323,18.068581
60.169856,24.938379
47.60621,-122.332071
49.282729,-123.120738
-37.814107,144.96328
37.09024,-95.712891
56.296504,43.936059
45.523062,-122.676482
45.523062,-122.676482
45.523062,-122.676482
29.945967,-90.081784
48.856614,2.352222
33.448377,-112.074037
,
13.794185,-88.89653
38.906734,1.420598
37.77493,-122.419416
52.520007,13.404954
37.77493,-122.419416
42.360083,-71.05888
41.008238,28.978359
56.26392,9.501785
40.712784,-74.005941
,
46.818188,8.227512
46.818188,8.227512
49.45203,11.07675
37.77493,-122.419416
37.09024,-95.712891
39.629526,-79.955897
43.76956,11.255814
60.169856,24.938379
43.653226,-79.383184
27.950575,-82.457178
20.593684,78.96288
49.588267,34.551417
41.008238,28.978359
52.520007,13.404954
53.349805,-6.26031
25.686614,-100.316113
38.627003,-90.199404
33.683947,-117.794694
28.538336,-81.379236
52.229676,21.012229
41.878114,-87.629798
44.837789,-0.57918
,
39.083997,-77.152758
37.639097,-120.996878
52.520007,13.404954
49.282729,-123.120738
37.77493,-122.419416
38.963745,35.243322
41.385064,2.173403
13.08268,80.270718
48.135125,11.581981
51.507351,-0.127758
48.775846,9.182932
59.913869,10.752245
41.008238,28.978359
37.77493,-122.419416
37.77493,-122.419416
45.649526,13.776818
43.16103,-77.610922
9.748917,-83.753428
37.77493,-122.419416
29.945967,-90.081784
37.77493,-122.419416
49.588267,34.551417
37.77493,-122.419416
,
39.290385,-76.612189
59.913869,10.752245
-34.901113,-56.164531
51.165691,10.451526
-34.901113,-56.164531
52.586214,-1.982919
52.586214,-1.982919
34.233137,-102.410749
48.856614,2.352222
37.09024,-95.712891
37.36883,-122.03635
56.838926,60.605703
37.77493,-122.419416
43.653226,-79.383184
22.396428,114.109497
37.36883,-122.03635
50.110922,8.682127
37.36883,-122.03635
32.715738,-117.161084
49.282729,-123.120738
49.165884,-123.940065
37.36883,-122.03635
27.664827,-81.515754
41.008238,28.978359
52.370216,4.895168
39.739236,-104.990251
28.538336,-81.379236
43.16103,-77.610922
41.008238,28.978359
28.538336,-81.379236
28.538336,-81.379236
51.507351,-0.127758
41.008238,28.978359
28.538336,-81.379236
38.958631,-77.357003
41.87194,12.56738
33.448377,-112.074037
39.083997,-77.152758
48.148597,17.107748
34.075376,-84.29409
39.290385,-76.612189
48.148597,17.107748
30.267153,-97.743061
48.148597,17.107748
48.148597,17.107748
34.052234,-118.243685
52.30897,-1.940936
37.77493,-122.419416
37.431573,-78.656894
43.76956,11.255814
52.520007,13.404954
39.32098,-111.093731
50.4501,30.5234
40.712784,-74.005941
-34.901113,-56.164531
-34.901113,-56.164531
46.227638,2.213749
52.132633,5.291266
47.60621,-122.332071
37.36883,-122.03635
53.002668,-2.179404
15.121995,105.802181
41.61759,0.620015
47.60621,-122.332071
32.715738,-117.161084
55.378051,-3.435973
37.424106,-122.166076
61.92411,25.748151
38.24664,21.734574
40.712784,-74.005941
43.073052,-89.40123
41.385064,2.173403
42.407211,-71.382437
61.92411,25.748151
-34.901113,-56.164531
38.963745,35.243322
50.85034,4.35171
40.825901,-74.209005
43.76956,11.255814
12.971599,77.594563
37.77493,-122.419416
37.77493,-122.419416
38.029306,-78.476678
59.913869,10.752245
56.130366,-106.346771
61.92411,25.748151
46.77121,23.623635
61.92411,25.748151
48.775846,9.182932
47.60621,-122.332071
47.60621,-122.332071
47.60621,-122.332071
41.972079,-87.75173
53.002668,-2.179404
47.60621,-122.332071
48.379433,31.16558
48.856614,2.352222
52.205337,0.121817
52.132633,5.291266
48.775846,9.182932
52.132633,5.291266
60.128161,18.643501
40.712784,-74.005941
32.715738,-117.161084
55.378051,-3.435973
40.760779,-111.891047
40.760779,-111.891047
40.760779,-111.891047
41.81868,-72.479037
45.523062,-122.676482
38.907192,-77.036871
45.523062,-122.676482
37.77493,-122.419416
39.739236,-104.990251
40.440625,-79.995886
55.378051,-3.435973
,
41.87194,12.56738
42.331427,-83.045754
51.507351,-0.127758
47.80949,13.05501
53.002668,-2.179404
32.776664,-96.796988
55.378051,-3.435973
50.4501,30.5234
37.77493,-122.419416
51.507351,-0.127758
50.4501,30.5234
45.42153,-75.697193
40.014986,-105.270546
55.378051,-3.435973
38.390278,-105.118599
,
38.907192,-77.036871
37.09024,-95.712891
40.999539,-75.181291
53.002668,-2.179404
,
53.002668,-2.179404
53.002668,-2.179404
40.566951,-74.920877
-25.274398,133.775136
39.32098,-111.093731
39.32098,-111.093731
,
-33.864174,151.205287
51.507351,-0.127758
42.360083,-71.05888
40.633125,-89.398528
38.252665,-85.758456
41.61759,0.620015
25.686614,-100.316113
46.227638,2.213749
41.385064,2.173403
37.09024,-95.712891
43.361395,-5.859327
46.13106,-92.867423
52.229676,21.012229
48.379433,31.16558
23.634501,-102.552784
44.314844,-85.602364
44.977753,-93.265011
38.252665,-85.758456
43.76956,11.255814
38.907192,-77.036871
48.379433,31.16558
30.267153,-97.743061
41.878114,-87.629798
53.040911,158.677726
37.77493,-122.419416
38.907192,-77.036871
55.646016,12.297937
41.878114,-87.629798
42.407211,-71.382437
47.60621,-122.332071
44.977753,-93.265011
59.93428,30.335099
48.015883,37.80285
32.776664,-96.796988
37.77493,-122.419416
44.97469,-92.75687
-22.436217,-46.822879
38.029306,-78.476678
48.922633,24.711117
-33.864174,151.205287
37.77493,-122.419416
37.77493,-122.419416
40.014986,-105.270546
53.002668,-2.179404
60.169856,24.938379
39.043757,-77.487442
38.963745,35.243322
38.963745,35.243322
29.760427,-95.369803
37.77493,-122.419416
41.385064,2.173403
55.378051,-3.435973
47.60621,-122.332071
29.760427,-95.369803
34.233137,-102.410749
-16.409047,-71.537451
42.360083,-71.05888
51.507351,-0.127758
32.776664,-96.796988
47.60621,-122.332071
59.329323,18.068581
49.282729,-123.120738
36.778261,-119.417932
41.878114,-87.629798
41.878114,-87.629798
37.77493,-122.419416
47.60621,-122.332071
37.77493,-122.419416
40.712784,-74.005941
55.378051,-3.435973
-16.728641,-43.858214
52.520007,13.404954
52.520007,13.404954
53.551085,9.993682
53.551085,9.993682
37.386052,-122.083851
39.32098,-111.093731
37.566535,126.977969
37.77493,-122.419416
47.60621,-122.332071
47.60621,-122.332071
32.776664,-96.796988
37.827178,-122.291308
38.963745,35.243322
37.77493,-122.419416
37.77493,-122.419416
51.048615,-114.070846
37.77493,-122.419416
45.523062,-122.676482
42.360083,-71.05888
49.817492,15.472962
41.972079,-87.75173
38.534719,-105.998902
45.523062,-122.676482
-34.603684,-58.381559
41.545449,-8.426507
37.77493,-122.419416
-43.249302,-65.307635
55.378051,-3.435973
32.776664,-96.796988
33.886917,9.537499
37.77493,-122.419416
43.653226,-79.383184
43.653226,-79.383184
35.709026,139.731992
47.60621,-122.332071
,
35.227087,-80.843127
53.002668,-2.179404
-34.901113,-56.164531
37.77493,-122.419416
39.868041,-104.971924
34.233137,-102.410749
37.77493,-122.419416
56.130366,-106.346771
59.329323,18.068581
49.45203,11.07675
41.87194,12.56738
40.566951,-74.920877
43.653226,-79.383184
43.653226,-79.383184
37.386052,-122.083851
-34.603684,-58.381559
41.385064,2.173403
46.227638,2.213749
38.390278,-105.118599
43.16103,-77.610922
42.360083,-71.05888
38.963745,35.243322
50.503887,4.469936
42.360083,-71.05888
50.503887,4.469936
-25.274398,133.775136
48.048754,-3.644818
53.002668,-2.179404
37.77493,-122.419416
51.165691,10.451526
52.370216,4.895168
,
37.77493,-122.419416
55.378051,-3.435973
52.370216,4.895168
47.60621,-122.332071
40.391617,-111.850766
40.678178,-73.944158
48.117266,-1.677793
34.019454,-118.491191
37.77493,-122.419416
34.670619,135.820833
-1.292066,36.821946
49.45203,11.07675
37.77493,-122.419416
34.420831,-119.69819
53.002668,-2.179404
40.999539,-75.181291
48.856614,2.352222
55.378051,-3.435973
41.972079,-87.75173
36.229794,-93.107677
38.907192,-77.036871
-37.814107,144.96328
-37.814107,144.96328
-37.814107,144.96328
38.963745,35.243322
39.32098,-111.093731
39.32098,-111.093731
-25.274398,133.775136
48.135125,11.581981
45.523062,-122.676482
17.385044,78.486671
,
,
37.09024,-95.712891
56.130366,-106.346771
34.233137,-102.410749
,
,
37.77493,-122.419416
39.399872,-8.224454
,
30.267153,-97.743061
24.840398,39.320624
45.501689,-73.567256
,
48.856614,2.352222
46.818188,8.227512
49.815273,6.129583
32.776664,-96.796988
55.646016,12.297937
32.776664,-96.796988
39.083997,-77.152758
28.613939,77.209021
-23.543179,-46.629185
32.776664,-96.796988
39.003237,-77.099908
38.963745,35.243322
52.636878,-1.139759
40.233844,-111.658534